frame,track_id,x_center,y_center,width,height,class_id,confidence
0,1,700.9385986328125,338.9609375,214.736572265625,271.0863037109375,8,0.8925610184669495
1,1,713.9779052734375,342.4725341796875,212.81463623046875,274.2309875488281,8,0.8952685594558716
2,1,721.4619140625,352.4978332519531,213.1192626953125,281.11346435546875,8,0.8672337532043457
3,1,730.2489013671875,357.72100830078125,212.92901611328125,284.0453186035156,8,0.884003758430481
4,1,739.76025390625,366.5872497558594,217.43316650390625,286.88037109375,8,0.9082950353622437
5,1,745.852294921875,371.94879150390625,216.42718505859375,287.6373596191406,8,0.9153139591217041
6,1,750.1483764648438,381.5579528808594,216.0535888671875,291.28704833984375,8,0.8828652501106262
7,1,757.68017578125,389.5236511230469,217.8760986328125,300.84466552734375,8,0.9204502701759338
8,1,763.2056274414062,394.25531005859375,219.3189697265625,303.3320007324219,8,0.8985795974731445
9,1,763.114990234375,401.4861145019531,222.48077392578125,310.01507568359375,8,0.9237830638885498
10,1,759.806640625,410.3711242675781,230.5498046875,310.02032470703125,8,0.9054073095321655
11,1,757.4444580078125,419.217041015625,228.43634033203125,313.9335021972656,8,0.9149041771888733
12,1,752.1445922851562,424.51202392578125,229.8861083984375,314.2131652832031,8,0.8880717754364014
13,1,745.0947265625,429.9823303222656,226.12884521484375,313.30682373046875,8,0.870387077331543
14,1,736.0087890625,435.6342468261719,230.47662353515625,318.56463623046875,8,0.901791512966156
15,1,725.7764282226562,441.47039794921875,234.0,321.2369384765625,8,0.8925549387931824
16,1,711.4490356445312,450.74652099609375,236.873046875,325.7738037109375,8,0.9028576016426086
17,1,701.1031494140625,457.48663330078125,237.44873046875,328.4452209472656,8,0.8813631534576416
18,1,691.5890502929688,463.97674560546875,237.7451171875,338.1760559082031,8,0.9169055819511414
19,1,677.9310302734375,467.7934265136719,240.14935302734375,338.45111083984375,8,0.9131278395652771
20,1,666.740966796875,470.2494201660156,240.85931396484375,342.28546142578125,8,0.9018314480781555
21,1,652.9815673828125,474.423583984375,243.92315673828125,344.4508972167969,8,0.9040347337722778
22,1,635.537353515625,479.3689270019531,248.64910888671875,350.06134033203125,8,0.9127444624900818
23,1,619.4380493164062,480.5850524902344,252.85305786132812,355.81036376953125,8,0.89859539270401
24,1,604.5379028320312,481.2711181640625,254.1273193359375,354.9190979003906,8,0.9233091473579407
25,1,590.6919555664062,483.48992919921875,256.0177307128906,363.3796081542969,8,0.9071277976036072
26,1,579.5059204101562,479.340576171875,255.6119384765625,373.1986083984375,8,0.9005770087242126
27,1,562.78857421875,477.18084716796875,260.8696594238281,374.5873107910156,8,0.910546600818634
28,1,553.8441162109375,477.16278076171875,259.6510314941406,372.5666809082031,8,0.9218357801437378
29,1,543.2608642578125,481.14117431640625,261.3786926269531,378.0986633300781,8,0.9070722460746765
30,1,532.1573486328125,481.91937255859375,262.0352783203125,380.8827209472656,8,0.8915188908576965
31,1,516.8283081054688,482.9866027832031,268.6695556640625,386.81341552734375,8,0.9293635487556458
32,1,506.909912109375,484.2708740234375,272.1872253417969,388.9021911621094,8,0.9248027205467224
33,1,498.12237548828125,485.650634765625,270.8802185058594,393.13671875,8,0.9180064797401428
34,1,487.5613708496094,489.30816650390625,275.64044189453125,394.4903564453125,8,0.8954747915267944
35,1,475.7535095214844,491.6422119140625,279.43560791015625,398.978515625,8,0.8905860185623169
36,1,466.48834228515625,494.96026611328125,275.6507568359375,402.6871643066406,8,0.9216373562812805
37,1,457.2474060058594,498.56048583984375,278.67437744140625,406.8829650878906,8,0.921115517616272
38,1,452.05914306640625,499.7645263671875,281.5628967285156,409.6113586425781,8,0.9113447666168213
39,1,446.24591064453125,498.225830078125,278.7302551269531,419.52587890625,8,0.9254636764526367
40,1,444.93048095703125,493.4827880859375,276.7747802734375,424.440185546875,8,0.9126241207122803
41,1,442.3111267089844,490.06488037109375,276.19342041015625,426.0892028808594,8,0.9154471158981323
42,1,431.8861083984375,489.8226318359375,284.6261901855469,421.2918395996094,8,0.9226260185241699
43,1,427.1466064453125,487.0842590332031,287.9364318847656,419.25213623046875,8,0.9256123304367065
44,1,424.49664306640625,482.99774169921875,295.5487365722656,423.649169921875,8,0.9022255539894104
45,1,426.7254638671875,477.01202392578125,297.0263671875,427.746826171875,8,0.895540714263916
46,1,429.02532958984375,466.46343994140625,295.4065246582031,433.0072021484375,8,0.8939618468284607
47,1,426.77825927734375,461.58172607421875,293.1036376953125,434.8115234375,8,0.8990672826766968
48,1,424.41851806640625,456.4961242675781,297.2091979980469,434.77349853515625,8,0.9413986206054688
49,1,421.82745361328125,452.0294189453125,299.5892639160156,436.9294738769531,8,0.9361461400985718
50,1,417.6889343261719,447.1439208984375,303.92413330078125,438.7962646484375,8,0.9213434457778931
51,1,412.328857421875,441.64727783203125,303.0569763183594,438.2432861328125,8,0.9030730724334717
52,1,403.0276794433594,432.23577880859375,308.15875244140625,444.9139099121094,8,0.9134785532951355
53,1,398.57415771484375,427.4365234375,312.3153076171875,451.3547058105469,8,0.9149281978607178
54,1,393.50927734375,423.87359619140625,318.8012390136719,457.7760925292969,8,0.9184697866439819
55,1,387.80047607421875,418.975341796875,321.102783203125,466.3525390625,8,0.9092782139778137
56,1,385.4477844238281,413.03924560546875,328.58172607421875,467.7072448730469,8,0.8951016664505005
57,1,385.3165588378906,402.93603515625,328.65557861328125,462.80615234375,8,0.9045240879058838
58,1,384.1349792480469,391.6299743652344,335.59527587890625,467.37164306640625,8,0.9099268317222595
59,1,386.5107116699219,383.84991455078125,338.83233642578125,465.7798767089844,8,0.9038763642311096
60,1,393.58612060546875,373.7764892578125,338.74169921875,464.1865234375,8,0.9038035273551941
61,1,402.26593017578125,359.04644775390625,341.9186706542969,462.044677734375,8,0.9009531140327454
62,1,407.1261291503906,341.852783203125,341.88568115234375,460.5201721191406,8,0.9093442559242249
63,1,412.18194580078125,327.2055358886719,339.3702087402344,464.29412841796875,8,0.8948431611061096
64,1,423.4454040527344,315.3827819824219,337.99066162109375,460.6211242675781,8,0.8993330597877502
65,1,431.48846435546875,304.7762756347656,338.4583740234375,461.1335754394531,8,0.8954963088035583
66,1,435.76312255859375,294.3048095703125,341.4708251953125,456.5048828125,8,0.9089544415473938
67,1,438.68310546875,282.0316467285156,344.00341796875,453.25982666015625,8,0.9061722755432129
68,1,437.36859130859375,271.1824951171875,347.4717712402344,452.09429931640625,8,0.9151144623756409
69,1,436.3189697265625,260.73065185546875,344.0775451660156,450.93316650390625,8,0.9049476981163025
70,1,429.2299499511719,251.29608154296875,349.27044677734375,446.60430908203125,8,0.9156380295753479
71,1,418.7511901855469,243.7804412841797,362.27557373046875,445.1900939941406,8,0.9081761837005615
72,1,404.28857421875,234.28158569335938,371.7995300292969,448.30157470703125,8,0.9022520184516907
73,1,375.42486572265625,222.1632537841797,397.1131896972656,444.3265075683594,8,0.9039856195449829
74,1,359.9658203125,219.76620483398438,411.04638671875,439.53240966796875,8,0.9090792536735535
75,1,353.2412109375,219.39987182617188,411.03125,438.79974365234375,8,0.9042139649391174
76,1,346.248291015625,217.92356872558594,402.0086975097656,435.8471374511719,8,0.9043075442314148
77,1,340.5695495605469,216.0718994140625,384.54876708984375,432.143798828125,8,0.9068604707717896
78,1,330.4022521972656,212.64955139160156,378.60992431640625,425.2991027832031,8,0.9147405624389648
79,1,311.1228332519531,213.45266723632812,383.16864013671875,425.7373046875,8,0.9030604362487793
80,1,295.7201843261719,217.5172119140625,387.85296630859375,431.08917236328125,8,0.9069424271583557
81,1,278.9741516113281,219.70419311523438,394.7837219238281,433.18438720703125,8,0.9058858156204224
82,1,262.31793212890625,222.07667541503906,409.36505126953125,436.4794616699219,8,0.909137487411499
83,1,246.65830993652344,225.27999877929688,417.1738586425781,443.1898193359375,8,0.9060657024383545
84,1,236.23623657226562,225.98899841308594,419.9132080078125,445.8174743652344,8,0.9026094079017639
85,1,225.5906524658203,231.05731201171875,416.6412048339844,453.65570068359375,8,0.9039950966835022
86,1,218.3679656982422,230.28155517578125,416.5771789550781,456.36102294921875,8,0.9009687900543213
87,1,210.8206787109375,225.02752685546875,414.36956787109375,450.0550537109375,8,0.9021396636962891
88,1,204.4337921142578,219.33026123046875,403.3214416503906,438.6605224609375,8,0.9119518995285034
89,1,198.49099731445312,211.20053100585938,391.59552001953125,422.40106201171875,8,0.9206027984619141
90,1,189.799560546875,197.68605041503906,378.3358154296875,395.3721008300781,8,0.9134742021560669
91,1,185.14437866210938,185.64764404296875,369.53668212890625,371.2952880859375,8,0.932735800743103
92,1,181.5556640625,173.040771484375,363.111328125,345.99432373046875,8,0.9228478074073792
93,1,179.59613037109375,160.9711151123047,356.75799560546875,321.9422302246094,8,0.9038615226745605
94,1,177.84750366210938,150.30111694335938,353.0533447265625,300.60223388671875,8,0.9183119535446167
95,1,177.09762573242188,141.72412109375,345.4605712890625,283.4482421875,8,0.9003131985664368
96,1,177.26197814941406,135.20668029785156,341.7578430175781,266.7455749511719,8,0.898459792137146
97,1,176.85018920898438,130.97943115234375,339.6717529296875,255.34458923339844,8,0.9024285674095154
98,1,178.23837280273438,129.1339111328125,343.70318603515625,242.6547393798828,8,0.9054914712905884
99,1,186.611083984375,125.39439392089844,350.249755859375,240.99676513671875,8,0.8960584402084351
100,1,194.13497924804688,125.40179443359375,360.954833984375,235.4703369140625,8,0.9108372330665588
105,3,1120.1337890625,712.2273559570312,402.7515869140625,349.04931640625,8,0.9252369403839111
105,4,1333.5274658203125,576.464111328125,379.400146484375,172.00518798828125,8,0.8887577056884766
106,3,1115.7244873046875,703.496826171875,396.05255126953125,345.7718505859375,8,0.9170641899108887
106,4,1329.647705078125,569.6200561523438,391.1995849609375,177.6424560546875,8,0.9059342741966248
107,3,1102.007080078125,696.2734985351562,402.2222900390625,340.263916015625,8,0.9067409634590149
107,4,1324.8111572265625,562.0601806640625,395.427978515625,181.83908081054688,8,0.9202653765678406
108,3,1091.341064453125,693.8825073242188,400.56878662109375,340.55419921875,8,0.9310407042503357
108,4,1320.34033203125,556.9318237304688,394.1683349609375,181.26461791992188,8,0.910990297794342
109,3,1082.0115966796875,688.55859375,403.70391845703125,339.974609375,8,0.9252591133117676
109,4,1315.949462890625,552.0166015625,391.0072021484375,179.38525390625,8,0.9081329107284546
110,3,1076.0264892578125,683.9278564453125,399.22479248046875,337.19171142578125,8,0.9350725412368774
110,4,1314.5439453125,548.901123046875,390.162353515625,179.02737426757812,8,0.8922536373138428
111,3,1071.529296875,679.882568359375,399.22613525390625,336.77789306640625,8,0.9415236115455627
111,4,1311.235595703125,546.1978759765625,393.9078369140625,178.72610473632812,8,0.8956184983253479
112,3,1067.391357421875,675.2726440429688,399.7083740234375,338.8301696777344,8,0.9365761280059814
112,4,1306.43212890625,539.8802490234375,397.0020751953125,179.2562255859375,8,0.8915014863014221
113,3,1062.9447021484375,670.1495361328125,397.340087890625,339.36077880859375,8,0.9412490129470825
113,4,1302.5462646484375,535.2045288085938,402.616943359375,179.59677124023438,8,0.8984845876693726
114,3,1060.2784423828125,662.7703857421875,395.626953125,335.90167236328125,8,0.9333058595657349
114,4,1300.411376953125,530.0068969726562,404.3814697265625,177.94503784179688,8,0.9031448364257812
115,3,1054.014404296875,650.4298706054688,396.1812744140625,330.9444885253906,8,0.9227197766304016
115,4,1297.459228515625,521.880126953125,406.361083984375,179.04364013671875,8,0.9072892069816589
116,3,1051.160888671875,641.849853515625,394.02716064453125,323.83331298828125,8,0.925576388835907
116,4,1295.260498046875,512.2315063476562,408.7918701171875,179.2591552734375,8,0.9276553392410278
117,3,1042.5548095703125,634.611572265625,392.26849365234375,323.91473388671875,8,0.9348824620246887
117,4,1291.172607421875,504.8115539550781,409.9976806640625,177.83074951171875,8,0.929422914981842
118,3,1033.558837890625,625.3834228515625,390.45416259765625,319.62322998046875,8,0.9226381182670593
118,4,1285.830810546875,498.16668701171875,408.0189208984375,176.71066284179688,8,0.9134905338287354
119,3,1028.624755859375,615.592529296875,383.86187744140625,312.59100341796875,8,0.9250301122665405
119,4,1281.19677734375,489.51629638671875,405.5521240234375,174.51815795898438,8,0.9002832770347595
120,3,1026.004150390625,605.0095825195312,382.23736572265625,309.6320495605469,8,0.9201189875602722
120,4,1278.912109375,482.3026428222656,406.24658203125,177.15557861328125,8,0.8988441824913025
121,3,1024.1304931640625,594.036865234375,381.67315673828125,306.5221252441406,8,0.9298351407051086
121,4,1278.65087890625,474.9202575683594,405.9547119140625,174.39239501953125,8,0.8955656886100769
122,3,1019.9697265625,586.757080078125,377.93896484375,304.0372009277344,8,0.9227789640426636
122,4,1277.122802734375,465.42047119140625,405.7391357421875,175.43777465820312,8,0.9232470393180847
123,3,1015.0809326171875,577.4196166992188,375.05535888671875,301.2334289550781,8,0.9302976131439209
123,4,1276.47509765625,458.1300048828125,406.7044677734375,174.83248901367188,8,0.9281591773033142
124,3,1006.2156982421875,570.0426025390625,376.63751220703125,298.9295349121094,8,0.9334213137626648
124,4,1274.067626953125,453.3961181640625,407.2529296875,177.72531127929688,8,0.9188588857650757
125,3,996.9578857421875,562.3255004882812,378.34368896484375,294.3689270019531,8,0.9292502999305725
125,4,1267.9134521484375,446.60723876953125,405.550537109375,176.29727172851562,8,0.8980327844619751
126,3,985.0618286132812,554.4539184570312,375.6390380859375,289.7855224609375,8,0.9347856044769287
126,4,1257.938720703125,440.12286376953125,407.3311767578125,172.71267700195312,8,0.9140027165412903
127,3,975.9135131835938,550.3396606445312,374.8763427734375,290.1646423339844,8,0.9258017539978027
127,4,1249.53857421875,434.6051025390625,408.1812744140625,171.56503295898438,8,0.9163901805877686
128,3,967.9617309570312,545.60546875,373.2266845703125,289.3349914550781,8,0.9226701855659485
128,4,1243.39599609375,430.5147705078125,410.7164306640625,174.81094360351562,8,0.9112319350242615
129,3,959.2822875976562,542.3961181640625,379.0482177734375,290.32110595703125,8,0.9053093194961548
129,4,1238.77197265625,427.49432373046875,410.902099609375,176.39889526367188,8,0.8994136452674866
130,3,951.9190673828125,538.6717529296875,375.80145263671875,286.4371643066406,8,0.9089627265930176
130,4,1235.016357421875,424.7274169921875,408.789794921875,176.66293334960938,8,0.8870763182640076
131,3,947.999755859375,535.118896484375,369.59234619140625,281.6534729003906,8,0.915355384349823
131,4,1232.302978515625,422.22235107421875,407.8375244140625,176.91860961914062,8,0.8995369076728821
132,3,945.92529296875,529.29638671875,366.634765625,275.9222412109375,8,0.9171647429466248
132,4,1231.5804443359375,420.6460876464844,409.721435546875,179.69720458984375,8,0.9017559289932251
133,3,945.91552734375,526.486328125,363.526611328125,271.4497375488281,8,0.9227079153060913
133,4,1229.685791015625,419.641845703125,406.0384521484375,183.045166015625,8,0.9117546677589417
134,3,951.3017578125,522.970458984375,360.59332275390625,269.2679748535156,8,0.9305944442749023
134,4,1236.415771484375,419.71014404296875,409.3499755859375,181.47518920898438,8,0.9316561818122864
135,3,961.36279296875,519.971435546875,360.11309814453125,266.17523193359375,8,0.9239561557769775
135,4,1248.3154296875,418.2016296386719,409.3001708984375,181.83074951171875,8,0.9216542840003967
136,3,972.7958374023438,515.6361694335938,352.3311767578125,265.4374084472656,8,0.9328041672706604
136,4,1260.7880859375,416.7065124511719,402.0245361328125,182.4661865234375,8,0.9162946343421936
137,3,992.3042602539062,507.066650390625,349.1624755859375,260.1893615722656,8,0.9217326641082764
137,4,1277.8297119140625,415.30133056640625,398.164306640625,180.79946899414062,8,0.9154044389724731
138,3,1020.3364868164062,498.7069091796875,348.0140380859375,257.0442810058594,8,0.9332025647163391
138,4,1308.5426025390625,412.1897888183594,394.439453125,180.97509765625,8,0.9075857400894165
139,3,1047.149169921875,490.55377197265625,349.3204345703125,251.70840454101562,8,0.9230114817619324
139,4,1335.2265625,408.81060791015625,400.3153076171875,178.65069580078125,8,0.934665322303772
140,3,1082.2200927734375,480.31207275390625,345.072265625,244.8082275390625,8,0.9199250340461731
140,4,1368.84619140625,404.82574462890625,396.9991455078125,178.52117919921875,8,0.9108967781066895
141,3,1124.4847412109375,470.59649658203125,341.73236083984375,243.99301147460938,8,0.9321323037147522
141,4,1412.07568359375,400.865966796875,400.205078125,177.68765258789062,8,0.8961408734321594
142,3,1172.0225830078125,455.96063232421875,347.74188232421875,237.51040649414062,8,0.9162150025367737
142,4,1457.4493408203125,395.34637451171875,406.8291015625,177.40374755859375,8,0.9089212417602539
143,3,1215.2138671875,444.2752990722656,345.678466796875,235.93597412109375,8,0.9138914942741394
143,4,1500.173828125,390.23138427734375,417.815673828125,178.97695922851562,8,0.8984198570251465
144,3,1261.47216796875,429.80670166015625,347.3072509765625,231.6705322265625,8,0.9232242703437805
144,4,1551.052978515625,378.9892272949219,424.4957275390625,181.868408203125,8,0.8851262331008911
145,3,1299.345947265625,420.93206787109375,343.2904052734375,226.84866333007812,8,0.9353182315826416
145,4,1593.6748046875,373.3025207519531,423.784423828125,183.16339111328125,8,0.9138658046722412
146,3,1331.60205078125,416.0107727050781,350.7540283203125,225.93572998046875,8,0.9283743500709534
146,4,1631.7847900390625,369.1466369628906,433.0283203125,185.30828857421875,8,0.904248833656311
147,3,1355.102294921875,412.887939453125,344.1756591796875,225.2764892578125,8,0.9141467213630676
147,4,1657.145263671875,365.2000732421875,443.1702880859375,187.00469970703125,8,0.9018775820732117
148,3,1379.7574462890625,412.1407775878906,352.024169921875,226.18060302734375,8,0.9282596111297607
148,4,1684.21337890625,363.9287109375,446.3079833984375,187.01522827148438,8,0.8887090086936951
149,3,1403.46240234375,417.5696105957031,348.710693359375,227.73040771484375,8,0.9181358814239502
149,4,1702.326904296875,366.59735107421875,435.34619140625,188.90423583984375,8,0.8989688158035278
150,3,1415.4132080078125,423.41900634765625,349.010498046875,227.213623046875,8,0.9192156195640564
150,4,1709.27001953125,372.58392333984375,421.4600830078125,189.684814453125,8,0.9264407753944397
151,3,1422.6583251953125,435.6309814453125,348.917724609375,227.74560546875,8,0.9246471524238586
151,4,1712.415283203125,384.35296630859375,415.1695556640625,190.53680419921875,8,0.8969311714172363
152,3,1424.5345458984375,447.8915710449219,349.922119140625,228.33819580078125,8,0.9223110675811768
152,4,1713.0101318359375,394.5937805175781,409.926025390625,184.09332275390625,8,0.8916925191879272
153,3,1418.1962890625,460.53759765625,349.5596923828125,227.66714477539062,8,0.9193341732025146
153,4,1708.8387451171875,405.52606201171875,409.771484375,184.96841430664062,8,0.9251648187637329
154,3,1406.127685546875,474.79046630859375,344.8531494140625,227.8052978515625,8,0.9319656491279602
154,4,1699.5611572265625,420.58062744140625,414.06298828125,188.12744140625,8,0.922616183757782
155,3,1390.139404296875,484.45208740234375,342.9361572265625,228.01821899414062,8,0.925672709941864
155,4,1692.611328125,429.26568603515625,433.9508056640625,186.22604370117188,8,0.8902850151062012
156,3,1369.068603515625,491.74566650390625,338.5638427734375,230.358642578125,8,0.9297744035720825
156,4,1679.19384765625,440.1988525390625,446.8089599609375,183.432861328125,8,0.8951054811477661
157,3,1346.7034912109375,498.01171875,334.72314453125,231.20712280273438,8,0.9176754355430603
157,4,1655.361572265625,442.4979248046875,444.7520751953125,179.67282104492188,8,0.902777910232544
158,3,1322.724853515625,499.26318359375,336.1990966796875,231.421142578125,8,0.919080913066864
158,4,1628.5384521484375,446.8356018066406,443.42626953125,179.89801025390625,8,0.8912405967712402
159,3,1294.1658935546875,499.35723876953125,336.19091796875,232.90414428710938,8,0.9406710267066956
159,4,1603.88525390625,445.726806640625,442.6522216796875,181.17724609375,8,0.9039067625999451
160,3,1254.252685546875,499.4658508300781,332.3204345703125,230.81512451171875,8,0.9317888617515564
160,4,1567.39990234375,443.6561584472656,439.2589111328125,183.57928466796875,8,0.883868932723999
161,3,1220.406494140625,497.45831298828125,330.3511962890625,230.006591796875,8,0.9256691336631775
161,4,1536.614990234375,441.788818359375,434.4168701171875,180.1800537109375,8,0.9077755808830261
162,3,1188.5723876953125,493.06207275390625,331.6220703125,234.09500122070312,8,0.918578565120697
162,4,1500.12548828125,437.5671691894531,430.7481689453125,181.14813232421875,8,0.9028536081314087
163,3,1152.960693359375,490.61773681640625,327.73443603515625,235.51065063476562,8,0.9118658900260925
163,4,1466.007080078125,430.64508056640625,430.010498046875,184.91177368164062,8,0.9083776473999023
164,3,1117.41015625,489.131591796875,328.97515869140625,237.6114501953125,8,0.9309316277503967
164,4,1432.005859375,425.17974853515625,422.370361328125,180.64309692382812,8,0.908561646938324
165,3,1083.0335693359375,486.853759765625,330.696533203125,240.09841918945312,8,0.9302518367767334
165,4,1396.48291015625,420.8389587402344,419.0736083984375,180.05712890625,8,0.92745041847229
166,3,1035.927001953125,486.8512878417969,330.96051025390625,243.11126708984375,8,0.9323161840438843
166,4,1356.007080078125,417.16949462890625,413.83837890625,180.525390625,8,0.9079151749610901
167,3,998.4376831054688,486.59478759765625,326.4307861328125,245.19277954101562,8,0.9274514317512512
167,4,1324.0556640625,413.5026550292969,410.6995849609375,180.2384033203125,8,0.9171149134635925
168,3,961.8701782226562,490.2559509277344,327.4266357421875,247.51348876953125,8,0.9375846982002258
168,4,1291.458251953125,411.8297424316406,409.9544677734375,181.22967529296875,8,0.9164173007011414
169,3,924.1159057617188,494.0824890136719,327.1163330078125,249.93731689453125,8,0.9433391094207764
169,4,1256.33740234375,410.42486572265625,412.4156494140625,180.38934326171875,8,0.9005680680274963
170,3,887.1990356445312,498.10479736328125,330.0557861328125,254.85305786132812,8,0.943915605545044
170,4,1221.1669921875,410.44488525390625,412.099853515625,181.0838623046875,8,0.9063112735748291
171,3,851.5877075195312,501.2367858886719,331.504150390625,256.57000732421875,8,0.9204275012016296
171,4,1191.471923828125,411.59759521484375,416.864013671875,180.91146850585938,8,0.8979158997535706
172,3,802.5018310546875,507.25390625,335.54083251953125,262.03271484375,8,0.9317045211791992
172,4,1151.0574951171875,412.2510681152344,415.33905029296875,181.17095947265625,8,0.9104527235031128
173,3,765.962646484375,511.48590087890625,337.35479736328125,265.0015563964844,8,0.9294531345367432
173,4,1121.2135009765625,412.7416076660156,413.95013427734375,182.1224365234375,8,0.9077120423316956
174,3,728.8839111328125,514.2958984375,337.91278076171875,268.1858825683594,8,0.93256014585495
174,4,1092.6131591796875,414.2368469238281,416.70068359375,184.42108154296875,8,0.9102752804756165
175,3,693.7697143554688,516.0994873046875,343.2039794921875,269.8044738769531,8,0.9312455654144287
175,4,1064.037841796875,413.4984130859375,420.4207763671875,184.21463012695312,8,0.9029098749160767
176,3,659.8909301757812,519.0243530273438,341.4476318359375,269.0358581542969,8,0.940318763256073
176,4,1036.32666015625,414.1378479003906,422.3045654296875,183.98455810546875,8,0.9117337465286255
177,3,623.8701171875,520.4151611328125,344.8747863769531,271.4444274902344,8,0.9143227934837341
177,4,1008.6142578125,411.95306396484375,426.64794921875,183.10760498046875,8,0.8968073725700378
178,3,579.5068969726562,523.1646118164062,353.2342529296875,276.3956604003906,8,0.9037923216819763
178,4,974.3740234375,410.122802734375,429.1123046875,182.82147216796875,8,0.9153457880020142
179,3,543.4801635742188,522.736328125,358.3318176269531,280.7646789550781,8,0.9110109806060791
179,4,950.8220825195312,408.83123779296875,431.7093505859375,182.48968505859375,8,0.906205952167511
180,3,507.8072509765625,525.479736328125,364.961669921875,285.44720458984375,8,0.9156932234764099
180,4,929.653564453125,403.9295654296875,436.869384765625,185.25344848632812,8,0.8892716765403748
181,3,476.76513671875,523.9453125,378.2494201660156,290.6735534667969,8,0.9080681204795837
181,4,907.9375,401.154052734375,437.59942626953125,188.69845581054688,8,0.9017970561981201
182,3,444.37213134765625,522.5947265625,388.7646789550781,295.1810607910156,8,0.9185592532157898
182,4,884.2161865234375,396.7630615234375,440.901611328125,193.06906127929688,8,0.904602587223053
183,3,411.57647705078125,520.1334228515625,390.7852783203125,296.68170166015625,8,0.9044430255889893
183,4,860.6109619140625,392.9532470703125,443.67083740234375,196.34146118164062,8,0.9017581343650818
184,3,371.76824951171875,517.6676025390625,401.642333984375,302.8551330566406,8,0.9063419699668884
184,4,833.956298828125,384.0245361328125,450.70306396484375,202.32852172851562,8,0.9118748903274536
185,3,342.6668701171875,518.1826171875,404.00732421875,309.9950256347656,8,0.9199867248535156
185,4,817.8829956054688,376.44891357421875,448.6060791015625,201.86624145507812,8,0.9056010842323303
186,3,313.97650146484375,518.212646484375,411.828125,315.7828369140625,8,0.9136358499526978
186,4,806.1765747070312,373.57366943359375,450.8243408203125,205.00711059570312,8,0.9197346568107605
187,3,290.83050537109375,514.8995361328125,417.2006530761719,325.3176574707031,8,0.9212280511856079
187,4,793.029052734375,370.3004150390625,454.71209716796875,204.72003173828125,8,0.9289569854736328
188,3,272.9952087402344,512.1478271484375,419.93634033203125,321.5435485839844,8,0.9081538319587708
188,4,782.2491455078125,366.3526611328125,457.46038818359375,204.82839965820312,8,0.916195809841156
189,3,253.2942657470703,505.1121826171875,430.3405456542969,318.576416015625,8,0.925262451171875
189,4,774.9444580078125,360.4465026855469,463.00445556640625,207.47100830078125,8,0.9006348848342896
190,3,242.15447998046875,499.35382080078125,436.873779296875,318.5920715332031,8,0.923734724521637
190,4,772.2052612304688,352.2364807128906,467.224365234375,207.0028533935547,8,0.899152934551239
191,3,236.9526824951172,493.89593505859375,436.8932189941406,319.4637451171875,8,0.921833336353302
191,4,774.914306640625,346.3605651855469,472.19879150390625,205.974853515625,8,0.90834641456604
192,3,237.34869384765625,486.84234619140625,438.42822265625,317.04150390625,8,0.9212384223937988
192,4,777.9236450195312,339.0693359375,474.20654296875,206.21578979492188,8,0.9125615358352661
193,3,242.19598388671875,478.3006591796875,445.4417724609375,318.103271484375,8,0.9212719798088074
193,4,786.3851318359375,332.02392578125,467.3515625,208.67904663085938,8,0.9204750657081604
194,3,246.57369995117188,467.6393127441406,446.39080810546875,309.47406005859375,8,0.9207186698913574
194,4,794.1673583984375,324.89263916015625,468.178955078125,211.35011291503906,8,0.9057708978652954
195,3,245.510498046875,454.12353515625,447.74114990234375,308.1377868652344,8,0.9216133952140808
195,4,798.5591430664062,315.04803466796875,470.0252685546875,212.2025604248047,8,0.8887503743171692
196,3,246.141357421875,442.8995056152344,449.27587890625,306.66937255859375,8,0.9249941110610962
196,4,799.223876953125,307.0809326171875,474.57318115234375,207.7097625732422,8,0.8862800598144531
197,3,244.62127685546875,427.6564025878906,451.51019287109375,302.88287353515625,8,0.9232304096221924
197,4,800.654541015625,296.6830139160156,481.589111328125,209.9374237060547,8,0.8934171199798584
198,3,238.80679321289062,412.2724609375,449.48052978515625,297.074951171875,8,0.923770546913147
198,4,801.8619995117188,282.83551025390625,485.9722900390625,212.32191467285156,8,0.9101049900054932
199,3,231.8082275390625,395.952392578125,447.92425537109375,289.7957763671875,8,0.9285136461257935
199,4,801.4512939453125,269.57940673828125,478.92572021484375,210.90628051757812,8,0.8952741622924805
200,3,227.436279296875,380.05706787109375,449.873046875,292.0919189453125,8,0.9164119958877563
200,4,803.471923828125,255.7841796875,476.00189208984375,213.9109649658203,8,0.8703609704971313
201,3,220.15553283691406,365.3570556640625,440.3110656738281,287.2489318847656,8,0.9312756657600403
201,4,775.150634765625,241.24667358398438,416.64251708984375,215.0151824951172,8,0.8594712615013123
202,3,214.59024047851562,351.42022705078125,429.18048095703125,281.87939453125,8,0.9190710783004761
202,4,742.439208984375,233.4889678955078,369.61163330078125,212.48770141601562,8,0.8717923164367676
203,3,206.82041931152344,339.9523620605469,413.6408386230469,278.27099609375,8,0.931103527545929
203,4,750.100830078125,225.4301300048828,393.7943115234375,212.08480834960938,8,0.8739700317382812
204,3,200.71200561523438,326.259765625,401.42401123046875,272.05560302734375,8,0.9237210154533386
204,4,739.35009765625,218.5100860595703,387.18402099609375,211.91708374023438,8,0.8756751418113708
205,3,192.5366973876953,315.865234375,385.0733947753906,268.52783203125,8,0.9309220910072327
205,4,717.6749267578125,214.50595092773438,353.39874267578125,206.74049377441406,8,0.9016646146774292
206,3,186.53273010253906,304.1122131347656,373.0654602050781,258.9935302734375,8,0.9117445945739746
206,4,707.68115234375,209.46981811523438,349.42340087890625,209.96795654296875,8,0.9043288826942444
207,3,178.72982788085938,288.71478271484375,357.45965576171875,252.4381866455078,8,0.9082109928131104
207,4,696.788330078125,199.9757843017578,360.33843994140625,212.19369506835938,8,0.9116906523704529
208,3,170.17340087890625,276.4365539550781,340.3468017578125,246.75160217285156,8,0.9085374474525452
208,4,688.0090942382812,196.341796875,365.0038757324219,216.7694091796875,8,0.901329517364502
209,3,163.48841857910156,265.0789489746094,326.9768371582031,247.31394958496094,8,0.9057881236076355
209,4,689.4142456054688,190.78099060058594,395.346923828125,217.74252319335938,8,0.8929047584533691
210,3,155.5631103515625,253.83340454101562,311.126220703125,247.4264678955078,8,0.9125353693962097
210,4,686.8521728515625,184.9466552734375,410.40301513671875,216.57708740234375,8,0.8805343508720398
211,3,148.3666534423828,246.5358428955078,295.6792297363281,245.81259155273438,8,0.8912917375564575
211,4,666.2974243164062,176.81654357910156,389.66796875,213.41616821289062,8,0.866268515586853
212,3,139.2943572998047,237.72531127929688,278.4013977050781,258.86737060546875,8,0.9070001840591431
212,4,653.802734375,168.6207275390625,380.2514953613281,209.77471923828125,8,0.9094665050506592
213,3,123.57223510742188,215.80572509765625,247.0826416015625,255.25917053222656,8,0.913408637046814
213,4,639.8074951171875,159.28028869628906,377.7688293457031,216.46839904785156,8,0.898141622543335
214,3,113.8529281616211,200.6269073486328,223.89122009277344,251.07510375976562,8,0.9169023036956787
214,4,630.9942626953125,152.34420776367188,375.18536376953125,226.63262939453125,8,0.9175044894218445
215,3,104.38543701171875,175.3366241455078,202.53802490234375,243.32699584960938,8,0.8714579343795776
215,4,621.518310546875,138.99949645996094,365.62725830078125,229.6500701904297,8,0.8927758932113647
216,3,92.18354034423828,155.72740173339844,182.3653106689453,236.8087921142578,8,0.9020218849182129
216,4,607.9365234375,126.32673645019531,364.3940734863281,226.7716064453125,8,0.9013057947158813
217,3,81.4266357421875,138.86013793945312,161.12759399414062,229.7770538330078,8,0.9323511123657227
217,4,600.2003173828125,111.28176879882812,378.20159912109375,222.56353759765625,8,0.9122324585914612
218,3,66.93433380126953,108.64226531982422,133.86866760253906,217.28453063964844,8,0.931114912033081
218,4,588.102294921875,98.90018463134766,375.4959411621094,197.8003692626953,8,0.8726087808609009
219,3,60.95784378051758,93.4534912109375,116.69588470458984,186.906982421875,8,0.9484906792640686
219,4,580.2057495117188,96.8947525024414,374.0209655761719,193.7895050048828,8,0.8697123527526855
220,3,54.23993682861328,72.23707580566406,98.00421142578125,144.47415161132812,8,0.8986063599586487
220,4,579.05517578125,89.27458190917969,384.3567810058594,178.54916381835938,8,0.9100684523582458
221,3,43.9271240234375,52.49251937866211,75.49099731445312,104.98503875732422,8,0.4739961624145508
221,4,574.4967041015625,78.33466339111328,372.1260681152344,156.66932678222656,8,0.891436755657196
222,4,563.623046875,68.04402923583984,348.81207275390625,136.0880584716797,8,0.8507322669029236
226,6,725.8704223632812,1003.4222412109375,478.110107421875,141.69207763671875,8,0.829957127571106
226,7,631.7896728515625,1005.88623046875,678.1668090820312,138.76171875,8,0.5754223465919495
227,7,606.5196533203125,988.81689453125,700.89013671875,161.46368408203125,8,0.9024507999420166
228,7,595.973876953125,977.5288696289062,686.738037109375,188.0145263671875,8,0.9017564058303833
228,8,1277.561767578125,184.90228271484375,707.7821044921875,361.2669677734375,8,0.9225357174873352
228,9,1204.6201171875,860.7139892578125,399.9462890625,364.11932373046875,3,0.8787463307380676
229,7,600.3154296875,962.895751953125,660.2476196289062,216.26849365234375,8,0.905927836894989
229,8,1271.130615234375,167.36843872070312,712.4823608398438,334.73687744140625,8,0.909762978553772
229,9,1190.403564453125,829.1508178710938,413.9747314453125,364.0211181640625,3,0.8878976106643677
230,7,601.7122802734375,951.6359252929688,658.3097534179688,242.4249267578125,8,0.8876946568489075
230,8,1262.2164306640625,154.3229217529297,700.315673828125,308.6458435058594,8,0.9086024761199951
230,9,1183.580322265625,802.699951171875,403.54412841796875,354.97503662109375,3,0.9120749831199646
231,7,594.3546752929688,936.2739868164062,678.1500244140625,270.8392333984375,8,0.9132924675941467
231,8,1252.9210205078125,137.91091918945312,670.818359375,275.82183837890625,8,0.881740927696228
231,9,1179.916259765625,766.3297119140625,393.2923583984375,368.85382080078125,3,0.8902496695518494
232,7,598.9466552734375,925.319580078125,690.8351440429688,293.37762451171875,8,0.9072747826576233
232,8,1242.2978515625,120.75460052490234,656.6033935546875,241.5092010498047,8,0.9010922312736511
232,9,1175.08203125,743.825439453125,381.49505615234375,377.914794921875,3,0.9034331440925598
233,7,612.1049194335938,914.5006103515625,700.0008544921875,317.065673828125,8,0.8835359811782837
233,8,1243.7021484375,107.9845962524414,642.8626708984375,215.0929412841797,8,0.8913309574127197
233,9,1176.7376708984375,715.1588745117188,379.43206787109375,372.5684814453125,3,0.8862711787223816
234,7,618.6307373046875,903.428955078125,687.9703369140625,340.23992919921875,8,0.867695152759552
234,8,1241.15283203125,94.8109359741211,628.8870239257812,189.6218719482422,8,0.8603156805038452
234,9,1175.9903564453125,691.0115966796875,371.4794921875,363.79241943359375,3,0.9213453531265259
235,7,625.9702758789062,890.40380859375,691.0992431640625,368.53948974609375,8,0.8542079925537109
235,8,1242.207763671875,88.06549072265625,613.8226318359375,173.84710693359375,8,0.8481261730194092
235,9,1177.8270263671875,665.85400390625,360.23712158203125,358.1305847167969,3,0.9217010736465454
236,7,652.10302734375,877.217529296875,669.7479858398438,393.79693603515625,8,0.8838332295417786
236,8,1250.694580078125,73.19622802734375,597.9091796875,146.3924560546875,8,0.6408522129058838
236,9,1182.064453125,638.886962890625,357.94091796875,362.12884521484375,3,0.8830646276473999
237,7,674.1390991210938,863.1019287109375,637.216064453125,418.08270263671875,8,0.9251558184623718
237,8,1270.4014892578125,58.54688262939453,582.794677734375,116.06593322753906,8,0.17142614722251892
237,9,1191.92822265625,611.4451904296875,337.46112060546875,352.15472412109375,3,0.9055731296539307
238,7,695.0219116210938,850.5267333984375,610.2635498046875,441.45843505859375,8,0.9324361681938171
238,8,1277.84423828125,54.15711212158203,568.8074340820312,106.12548828125,8,0.5941961407661438
238,9,1206.78466796875,588.959228515625,331.2808837890625,348.68505859375,3,0.9000557661056519
238,11,142.3065948486328,996.3760986328125,243.3412322998047,152.97943115234375,2,0.8931626677513123
239,7,721.3737182617188,837.8300170898438,604.343994140625,454.1243896484375,8,0.9321619868278503
239,8,1291.068603515625,50.69174575805664,559.104736328125,101.38349151611328,8,0.13371922075748444
239,9,1218.999267578125,566.1279296875,323.4200439453125,349.76556396484375,3,0.9024830460548401
239,11,185.14712524414062,973.1064453125,276.90728759765625,189.04656982421875,2,0.9425455331802368
240,7,744.5015869140625,823.91650390625,589.722900390625,476.85626220703125,8,0.927605152130127
240,9,1230.6807861328125,548.119873046875,317.35986328125,347.70562744140625,3,0.9149709939956665
240,11,219.8474884033203,955.1397705078125,270.4502258300781,228.97393798828125,2,0.8696079850196838
241,7,767.823974609375,805.0628662109375,568.3569946289062,478.1376953125,8,0.9380934238433838
241,9,1247.4483642578125,534.4384765625,313.34375,343.3008117675781,3,0.9121423363685608
241,11,263.1329345703125,936.0951538085938,266.6871337890625,268.7769775390625,2,0.8823647499084473
242,7,796.365234375,772.69677734375,558.7339477539062,459.8695068359375,8,0.9296671748161316
242,9,1266.101806640625,520.586669921875,301.5634765625,334.2021789550781,3,0.8420003652572632
242,11,314.9218444824219,899.4085083007812,250.9779052734375,271.5054931640625,2,0.8728072643280029
243,7,827.6299438476562,740.6610107421875,538.5865478515625,442.253662109375,8,0.9231681227684021
243,9,1281.8232421875,503.4146728515625,290.7657470703125,334.6806640625,3,0.8576505780220032
243,11,361.3437194824219,861.5830078125,238.31976318359375,269.86773681640625,2,0.890768826007843
244,7,865.1094970703125,717.556884765625,530.65087890625,435.7045593261719,8,0.9325588345527649
244,9,1316.033203125,489.50103759765625,293.7296142578125,327.43017578125,3,0.893021285533905
244,11,407.70880126953125,829.0694580078125,231.859619140625,261.14739990234375,2,0.8904868364334106
245,7,899.6473999023438,688.7944946289062,512.5919189453125,416.0071105957031,8,0.9453417062759399
245,9,1341.8316650390625,475.92626953125,282.9541015625,326.5043640136719,3,0.8305147290229797
245,11,457.8568115234375,786.298095703125,220.5828857421875,239.06622314453125,2,0.9185859560966492
246,7,935.1693115234375,664.7916870117188,502.22467041015625,402.027099609375,8,0.9252969622612
246,9,1369.580322265625,461.9580078125,282.8961181640625,321.7787780761719,3,0.8352540135383606
246,11,499.56549072265625,755.3006591796875,214.51852416992188,225.96832275390625,2,0.9308910965919495
247,7,996.6673583984375,625.0291748046875,485.45904541015625,390.5854797363281,8,0.94267338514328
247,9,1430.586669921875,444.64666748046875,284.7630615234375,318.6378173828125,3,0.7881850004196167
247,11,575.5812377929688,705.3953247070312,205.44284057617188,216.652587890625,2,0.9419925212860107
248,7,1050.1956787109375,598.8482055664062,472.311767578125,380.1276550292969,8,0.9270757436752319
248,9,1478.589599609375,436.7558898925781,280.281005859375,317.04974365234375,3,0.5782198905944824
248,11,639.162353515625,670.1566162109375,197.390625,206.233642578125,2,0.8851945400238037
248,12,123.17134094238281,563.8567504882812,213.68655395507812,404.7120361328125,1,0.908704936504364
249,7,1106.185791015625,573.0167236328125,464.10552978515625,372.499755859375,8,0.9348721504211426
249,9,1527.589599609375,426.6352233886719,274.4437255859375,313.77423095703125,3,0.14258809387683868
249,11,703.7054443359375,638.469970703125,189.56488037109375,198.75958251953125,2,0.9505413174629211
249,12,195.7303466796875,524.9398193359375,235.46173095703125,376.30230712890625,1,0.9065183401107788
250,7,1162.2265625,549.6469116210938,452.08367919921875,357.5532531738281,8,0.932577908039093
250,11,769.1046142578125,608.1658325195312,183.935791015625,191.0699462890625,2,0.929085373878479
250,12,277.8001403808594,491.6826171875,239.3040313720703,366.5509338378906,1,0.9005246758460999
250,13,163.59207153320312,474.0279846191406,185.14434814453125,117.12652587890625,10,0.841982364654541
251,7,1218.278564453125,524.82568359375,446.8111572265625,343.5195617675781,8,0.9329891204833984
251,11,831.6350708007812,580.5484619140625,178.541259765625,182.40969848632812,2,0.902707576751709
251,12,359.7996826171875,462.68963623046875,240.51719665527344,359.5640563964844,1,0.8982396721839905
251,13,235.50918579101562,449.10968017578125,158.4470672607422,112.1292724609375,10,0.8473114371299744
252,7,1271.949951171875,503.9411926269531,442.1058349609375,336.90081787109375,8,0.93562251329422
252,11,891.611572265625,553.844482421875,171.40643310546875,175.83602905273438,2,0.9044861793518066
252,12,436.59088134765625,435.44140625,234.61044311523438,348.4381103515625,1,0.9086371064186096
252,13,302.74188232421875,425.2388610839844,139.1327667236328,106.4879150390625,10,0.8317590951919556
253,7,1338.946533203125,481.03082275390625,436.1265869140625,328.3806457519531,8,0.9421635866165161
253,11,961.3776245117188,526.6052856445312,165.9639892578125,169.88333129882812,2,0.9066212177276611
253,12,519.5670166015625,406.4944763183594,221.29977416992188,337.90020751953125,1,0.8796805143356323
253,13,380.5559997558594,399.5045166015625,132.55499267578125,102.79306030273438,10,0.831721305847168
254,7,1389.94189453125,468.2298583984375,431.427978515625,322.8056335449219,8,0.9330844879150391
254,11,1013.7794799804688,512.4714965820312,163.4476318359375,165.83480834960938,2,0.9305394887924194
254,12,581.8952026367188,388.0795593261719,221.74423217773438,327.60906982421875,1,0.8685461282730103
254,13,438.97064208984375,386.3878173828125,135.89480590820312,99.89010620117188,10,0.8324975371360779
255,7,1435.47509765625,462.43414306640625,436.9859619140625,316.189453125,8,0.9263449311256409
255,11,1059.262451171875,500.8692626953125,162.97186279296875,161.19418334960938,2,0.90457683801651
255,12,634.0770263671875,380.11395263671875,223.34588623046875,325.7825927734375,1,0.8874579071998596
255,13,488.9407653808594,379.63531494140625,143.89044189453125,99.76168823242188,10,0.8201335668563843
256,7,1477.1837158203125,457.19097900390625,439.981689453125,316.0036926269531,8,0.9332427978515625
256,11,1101.160400390625,494.44110107421875,163.215087890625,161.30624389648438,2,0.9059504270553589
256,12,680.8899536132812,375.48651123046875,228.549560546875,327.8307800292969,1,0.8803919553756714
256,13,532.7283325195312,374.51312255859375,144.7388916015625,101.79269409179688,10,0.9069437980651855
257,7,1513.781494140625,454.52593994140625,443.8868408203125,319.1437072753906,8,0.9400075078010559
257,11,1137.19189453125,492.82720947265625,160.0364990234375,161.21768188476562,2,0.9226349592208862
257,12,721.7340087890625,374.33074951171875,229.50506591796875,328.8180236816406,1,0.8869152665138245
257,13,569.419189453125,373.1290283203125,142.272216796875,101.95571899414062,10,0.8694990873336792
258,7,1543.1845703125,457.915283203125,449.19921875,316.972900390625,8,0.9405335187911987
258,11,1166.07568359375,494.27197265625,160.7537841796875,156.92062377929688,2,0.9017478823661804
258,12,754.94677734375,375.681884765625,229.68023681640625,327.48681640625,1,0.8907285332679749
258,13,599.8119506835938,376.83709716796875,145.880859375,102.32550048828125,10,0.841544508934021
258,15,1125.510986328125,691.5513916015625,171.2325439453125,154.9996337890625,0,0.3491012156009674
259,7,1566.27001953125,465.54278564453125,451.5897216796875,314.372802734375,8,0.9387401342391968
259,11,1187.4722900390625,501.26556396484375,162.091552734375,157.2080078125,2,0.9074292182922363
259,12,780.0660400390625,379.88714599609375,229.23895263671875,319.913330078125,1,0.8780035972595215
259,13,619.1953125,383.9384460449219,141.95611572265625,98.77001953125,10,0.8413005471229553
259,15,1147.9317626953125,696.5859375,173.765380859375,153.13018798828125,0,0.35054507851600647
260,7,1579.082275390625,470.7620849609375,452.5206298828125,318.9491882324219,8,0.9262633919715881
260,11,1198.667724609375,510.3367919921875,161.85400390625,158.37063598632812,2,0.8950910568237305
260,12,788.3902587890625,389.071533203125,230.86871337890625,320.1207580566406,1,0.8615698218345642
260,13,629.1136474609375,394.1497802734375,143.34161376953125,101.12918090820312,10,0.8439978957176208
260,15,1157.189208984375,709.0914916992188,174.4638671875,156.099609375,0,0.2692212462425232
261,7,1583.810302734375,478.5384521484375,453.5001220703125,318.6404724121094,8,0.928950846195221
261,11,1202.902587890625,519.039306640625,159.7701416015625,155.42852783203125,2,0.9426171183586121
261,12,793.5361938476562,398.0418701171875,229.2080078125,319.385498046875,1,0.849945604801178
261,13,633.56396484375,402.92041015625,141.14556884765625,101.02822875976562,10,0.8672359585762024
261,15,1159.346923828125,718.5526123046875,176.6177978515625,150.0487060546875,0,0.2426338642835617
262,7,1575.1103515625,484.5731201171875,456.901611328125,317.9267272949219,8,0.9337669014930725
262,11,1198.556640625,526.0921630859375,158.5120849609375,157.76043701171875,2,0.9210056662559509
262,12,792.76220703125,406.5326232910156,220.50640869140625,320.73992919921875,1,0.8920483589172363
262,13,629.6566162109375,411.95928955078125,139.79119873046875,101.01007080078125,10,0.8585584759712219
262,15,1156.5263671875,723.7906494140625,168.3870849609375,154.11798095703125,0,0.15800797939300537
263,7,1565.8385009765625,489.27227783203125,457.688232421875,319.5765380859375,8,0.9299651980400085
263,11,1187.380859375,530.6016235351562,158.2967529296875,157.13180541992188,2,0.9113495349884033
263,12,777.3482666015625,416.34271240234375,226.63494873046875,328.1011047363281,1,0.8786957859992981
263,13,619.3599853515625,417.5484619140625,147.19451904296875,100.3916015625,10,0.9111050367355347
263,15,1147.89599609375,725.9957275390625,173.7294921875,157.26324462890625,0,0.25272640585899353
264,7,1549.7548828125,490.2110595703125,456.4620361328125,317.8165283203125,8,0.9351160526275635
264,11,1171.052978515625,534.5257568359375,159.3289794921875,161.23162841796875,2,0.8982271552085876
264,12,765.072265625,419.4877624511719,216.95263671875,326.48760986328125,1,0.904544472694397
264,13,603.2332763671875,422.7987365722656,152.057861328125,101.61102294921875,10,0.896373450756073
264,15,1129.313720703125,732.1468505859375,173.5784912109375,157.32073974609375,0,0.28885123133659363
265,7,1523.7510986328125,489.5407409667969,454.66943359375,318.15716552734375,8,0.9326491355895996
265,11,1144.093017578125,536.7394409179688,158.5224609375,160.76736450195312,2,0.9098606705665588
265,12,730.8704833984375,423.02105712890625,223.63848876953125,325.069580078125,1,0.8693557977676392
265,13,570.1828002929688,426.37481689453125,147.24453735351562,100.57769775390625,10,0.8553632497787476
265,15,1104.9622802734375,736.9886474609375,176.79754638671875,161.07696533203125,0,0.3806028366088867
266,7,1497.6337890625,489.8116455078125,451.0279541015625,319.7391357421875,8,0.9378669857978821
266,11,1117.565673828125,537.8385620117188,159.522705078125,163.404296875,2,0.9200363159179688
266,12,699.680419921875,422.9532470703125,221.333251953125,326.6601867675781,1,0.880666196346283
266,13,543.5771484375,427.15814208984375,151.13433837890625,100.961181640625,10,0.8505672216415405
266,15,1076.887451171875,736.2567749023438,177.672119140625,162.35009765625,0,0.2690497934818268
267,7,1469.731201171875,485.89471435546875,453.594482421875,319.7410583496094,8,0.9382120370864868
267,11,1089.3504638671875,537.504638671875,163.51678466796875,165.41104125976562,2,0.9107555747032166
267,12,663.7842407226562,423.03533935546875,222.269775390625,325.7498779296875,1,0.8855308294296265
267,13,512.7904052734375,427.8480529785156,153.07562255859375,102.86700439453125,10,0.8222970962524414
267,15,1051.1749267578125,735.0478515625,187.50860595703125,176.6336669921875,0,0.20276400446891785
268,7,1442.935791015625,481.096435546875,448.8282470703125,323.2640380859375,8,0.9407125115394592
268,11,1059.523193359375,537.2498779296875,166.38092041015625,168.52252197265625,2,0.917982816696167
268,12,629.1341552734375,425.0201110839844,227.30291748046875,332.48944091796875,1,0.8876459002494812
268,13,479.694580078125,426.6417236328125,152.19406127929688,103.97048950195312,10,0.8376009464263916
268,15,1023.9891357421875,735.8260498046875,187.037109375,183.22528076171875,0,0.212956503033638
269,7,1415.845947265625,477.6515808105469,453.2567138671875,326.31475830078125,8,0.9391518831253052
269,11,1031.2325439453125,536.54833984375,167.57275390625,170.31927490234375,2,0.905604362487793
269,12,587.487548828125,425.664306640625,237.11907958984375,338.6707458496094,1,0.8860641717910767
269,13,443.54681396484375,426.85369873046875,153.92135620117188,104.51089477539062,10,0.8507205843925476
269,15,991.8129272460938,741.542236328125,184.6070556640625,176.93463134765625,0,0.21579110622406006
270,7,1381.46533203125,475.68853759765625,457.0242919921875,332.5810241699219,8,0.9406546950340271
270,11,993.4583740234375,537.7498779296875,172.75482177734375,173.06985473632812,2,0.9180905222892761
270,12,537.2561645507812,428.78515625,243.88204956054688,345.0491943359375,1,0.8747362494468689
270,13,397.1638488769531,426.6167297363281,160.1055908203125,104.34100341796875,10,0.8780929446220398
270,15,954.822509765625,745.9464111328125,194.33758544921875,182.61053466796875,0,0.22792355716228485
271,7,1354.60205078125,479.97467041015625,457.3577880859375,336.8659362792969,8,0.9462888836860657
271,11,964.4752197265625,540.2031860351562,174.91259765625,175.94387817382812,2,0.9257323741912842
271,12,495.10693359375,430.22003173828125,250.98641967773438,352.4441223144531,1,0.8812798857688904
271,13,357.1831359863281,427.213134765625,154.8394775390625,105.11654663085938,10,0.8516361713409424
271,15,926.896484375,753.4970703125,187.13262939453125,176.99127197265625,0,0.16122430562973022
272,7,1328.316650390625,483.49798583984375,461.79638671875,343.1205749511719,8,0.9457049369812012
272,11,934.080810546875,545.3492431640625,176.8101806640625,181.41363525390625,2,0.9373429417610168
272,12,457.60137939453125,428.8401184082031,248.48226928710938,361.67401123046875,1,0.876687228679657
272,13,315.59918212890625,430.3867492675781,157.50389099121094,106.85400390625,10,0.8204076290130615
273,7,1306.898681640625,490.38427734375,460.1817626953125,347.9627990722656,8,0.9397262334823608
273,11,911.2925415039062,552.2383422851562,178.378173828125,184.21408081054688,2,0.9009186625480652
273,12,426.18389892578125,436.1549072265625,245.4005126953125,369.9281005859375,1,0.893450915813446
273,13,280.8447570800781,435.89678955078125,158.84999084472656,109.71673583984375,10,0.8450695276260376
274,7,1292.32421875,499.71240234375,465.0491943359375,353.8097839355469,8,0.9409767389297485
274,11,891.9169921875,563.3019409179688,182.3912353515625,187.1380615234375,2,0.9254810214042664
274,12,395.418701171875,446.78936767578125,253.495361328125,377.0791015625,1,0.8875532150268555
274,13,253.2329559326172,443.8204345703125,162.89913940429688,114.42642211914062,10,0.8552320599555969
275,7,1280.139404296875,511.2645568847656,469.7022705078125,363.20855712890625,8,0.9336729645729065
275,11,876.7229614257812,575.1446533203125,184.798828125,192.42449951171875,2,0.9085062742233276
275,12,370.0034484863281,455.62359619140625,260.05267333984375,380.371337890625,1,0.885211706161499
275,13,227.25015258789062,451.19921875,159.6610870361328,116.69744873046875,10,0.8478797078132629
276,7,1275.250732421875,524.2128295898438,477.1978759765625,369.8253173828125,8,0.9401547908782959
276,11,865.2042236328125,591.049560546875,188.5736083984375,196.28115844726562,2,0.9150565266609192
276,12,349.9786376953125,468.85614013671875,263.24371337890625,385.9625244140625,1,0.8737052083015442
276,13,206.94363403320312,462.8689880371094,166.58949279785156,119.99786376953125,10,0.8224184513092041
277,7,1276.924560546875,535.9865112304688,479.770263671875,377.8995666503906,8,0.9422975778579712
277,11,861.4562377929688,606.0850830078125,194.61865234375,203.24295043945312,2,0.8959797620773315
277,12,339.322998046875,480.7276611328125,256.94024658203125,393.6827087402344,1,0.8807724714279175
277,13,200.1107635498047,471.380126953125,184.72030639648438,119.67294311523438,10,0.8578535318374634
278,7,1280.046142578125,549.84326171875,483.48486328125,384.4818420410156,8,0.9408041834831238
278,11,859.9432373046875,620.6368408203125,194.8209228515625,206.67718505859375,2,0.9093924760818481
278,12,330.13189697265625,492.267333984375,261.5193176269531,402.4199523925781,1,0.889062225818634
278,13,194.8684539794922,483.26910400390625,206.45584106445312,124.50448608398438,10,0.7733919620513916
279,7,1289.37353515625,564.6929321289062,488.3712158203125,385.2004699707031,8,0.9336334466934204
279,11,865.8438720703125,635.870361328125,197.15850830078125,210.66510009765625,2,0.8986450433731079
279,12,328.1423034667969,505.20574951171875,267.64984130859375,404.5116882324219,1,0.8891176581382751
279,13,195.92686462402344,492.0391845703125,220.80007934570312,126.28005981445312,10,0.8716378808021545
280,7,1303.036376953125,579.5717163085938,499.173583984375,397.3690185546875,8,0.9301140904426575
280,11,874.0614624023438,651.8499755859375,197.6927490234375,214.229248046875,2,0.8830981254577637
280,12,328.1567687988281,522.5131225585938,274.57208251953125,410.4394836425781,1,0.8848648071289062
280,13,198.962646484375,502.1399841308594,228.348388671875,126.90704345703125,10,0.861733078956604
281,7,1317.05029296875,592.8129272460938,500.5635986328125,407.529296875,8,0.9303233027458191
281,11,884.5275268554688,669.2382202148438,199.9298095703125,222.7127685546875,2,0.9008246660232544
281,12,331.113037109375,537.0713500976562,274.8277587890625,415.9977722167969,1,0.8813091516494751
281,13,202.89779663085938,513.864990234375,232.4286346435547,128.66168212890625,10,0.8591934442520142
282,7,1342.031005859375,611.4285888671875,507.628173828125,416.0018005371094,8,0.9394161701202393
282,11,902.320556640625,685.7435302734375,203.88787841796875,221.86383056640625,2,0.8434133529663086
282,12,341.6807861328125,555.5055541992188,283.01727294921875,415.8898010253906,1,0.8837099671363831
282,13,206.19491577148438,525.6583251953125,230.4644317626953,131.40716552734375,10,0.8615593314170837
283,7,1363.6075439453125,626.0974731445312,510.21337890625,423.4411315917969,8,0.9348442554473877
283,11,918.94677734375,700.6707763671875,204.9364013671875,226.31256103515625,2,0.9139890670776367
283,12,354.4032287597656,570.2996215820312,289.0323486328125,425.5109558105469,1,0.8856973648071289
283,13,217.64210510253906,535.8276977539062,235.25003051757812,135.05282592773438,10,0.8546543121337891
284,7,1387.923095703125,637.37060546875,521.8712158203125,430.0251770019531,8,0.9305672645568848
284,11,937.090576171875,714.5465698242188,207.401123046875,231.1343994140625,2,0.9037940502166748
284,12,365.8345031738281,583.062744140625,293.85321044921875,425.6495056152344,1,0.8764567375183105
284,13,225.60305786132812,544.7779541015625,239.66856384277344,135.52743530273438,10,0.855224609375
285,7,1408.0418701171875,646.3333740234375,527.9755859375,437.88800048828125,8,0.9276912212371826
285,11,957.2233276367188,726.1875610351562,212.0123291015625,239.106689453125,2,0.8592666387557983
285,12,378.3373718261719,593.2940673828125,300.86981201171875,433.28851318359375,1,0.8656344413757324
285,13,231.8128662109375,550.2060546875,233.51934814453125,135.20794677734375,10,0.8455780744552612
286,7,1433.5838623046875,657.11181640625,538.0498046875,453.2755126953125,8,0.9442405104637146
286,11,977.0885009765625,739.0076904296875,212.54180908203125,243.2811279296875,2,0.8606829643249512
286,12,395.37646484375,599.633056640625,295.25048828125,439.45855712890625,1,0.8703190088272095
286,13,240.91439819335938,557.5336303710938,231.62457275390625,134.9752197265625,10,0.8965155482292175
287,7,1461.308349609375,667.7854614257812,547.8382568359375,459.7149658203125,8,0.9281425476074219
287,11,996.9127807617188,751.3502807617188,220.9473876953125,249.9588623046875,2,0.8856350183486938
287,12,409.7053527832031,616.8366088867188,301.30609130859375,440.742919921875,1,0.8754406571388245
287,13,253.16433715820312,563.2996826171875,236.1553192138672,136.77590942382812,10,0.8682165145874023
288,7,1494.968505859375,684.5889892578125,556.9534912109375,467.9698486328125,8,0.9367662668228149
288,11,1023.7945556640625,763.8978271484375,217.17596435546875,252.47564697265625,2,0.8725301623344421
288,12,422.0324401855469,632.5479736328125,311.40313720703125,450.5195007324219,1,0.8912532329559326
288,13,263.6589050292969,571.5899047851562,234.3544464111328,143.06680297851562,10,0.830556333065033
289,7,1521.918212890625,696.7213745117188,565.3662109375,479.3885192871094,8,0.9368475675582886
289,11,1041.5167236328125,773.6793212890625,219.37664794921875,251.76300048828125,2,0.9086945056915283
289,12,433.275146484375,638.8627319335938,325.4337158203125,451.73486328125,1,0.8659487366676331
289,13,269.619384765625,577.166259765625,241.86134338378906,146.21368408203125,10,0.8564571142196655
290,7,1550.8193359375,703.3643798828125,576.0394287109375,487.5395202636719,8,0.9271740317344666
290,11,1061.01953125,784.1131591796875,226.003173828125,259.74114990234375,2,0.8903430104255676
290,12,445.470458984375,652.3829345703125,329.8863220214844,460.7049560546875,1,0.8750250339508057
290,13,276.31787109375,581.6416625976562,241.17477416992188,150.8773193359375,10,0.8670513033866882
291,7,1573.474365234375,710.5099487304688,584.363525390625,499.3795471191406,8,0.930989146232605
291,11,1077.465576171875,791.9617919921875,224.69891357421875,260.137939453125,2,0.883179247379303
291,12,448.876220703125,662.0718994140625,335.0982666015625,470.64959716796875,1,0.881523072719574
291,13,278.8822326660156,585.7244873046875,238.2133026123047,154.97476196289062,10,0.8036842346191406
292,7,1593.28515625,720.733154296875,594.2171630859375,514.40869140625,8,0.9270999431610107
292,11,1088.409912109375,805.4298095703125,231.7135009765625,269.8602294921875,2,0.8561180830001831
292,12,445.3046875,669.9485473632812,348.5559387207031,482.6739501953125,1,0.864541232585907
292,13,273.2230224609375,590.0279541015625,242.13465881347656,156.18508911132812,10,0.8510552048683167
293,7,1606.76953125,731.2601928710938,600.375,524.7930908203125,8,0.9241020083427429
293,11,1094.2491455078125,821.0184936523438,237.37518310546875,276.1181640625,2,0.8874378800392151
293,12,439.34039306640625,678.317626953125,355.4852600097656,499.880859375,1,0.8578199744224548
293,13,263.8059997558594,594.2923583984375,248.27980041503906,151.29449462890625,10,0.799626886844635
294,7,1617.64501953125,737.9038696289062,603.9766845703125,536.5025634765625,8,0.9359704256057739
294,11,1100.660400390625,834.4713745117188,238.6719970703125,287.8060302734375,2,0.8717008829116821
294,12,428.438720703125,695.440673828125,362.5106201171875,524.2830200195312,1,0.8604985475540161
294,13,249.066650390625,603.4547119140625,253.49993896484375,154.93731689453125,10,0.8199101090431213
295,7,1617.6925048828125,744.766357421875,604.614990234375,553.1639404296875,8,0.9305757284164429
295,11,1102.2490234375,845.3710327148438,240.2950439453125,294.577880859375,2,0.9074367880821228
295,12,415.8047790527344,711.5386962890625,380.09368896484375,541.4266357421875,1,0.8724272847175598
295,13,240.0840606689453,608.428466796875,260.1322326660156,155.41558837890625,10,0.8010908961296082
296,7,1618.80615234375,748.6268310546875,602.3875732421875,560.3466796875,8,0.930122435092926
296,11,1104.156982421875,853.5823974609375,245.0733642578125,298.11199951171875,2,0.8658884763717651
296,12,405.2226257324219,722.406494140625,384.84307861328125,544.128173828125,1,0.855291485786438
296,13,231.39468383789062,612.7342529296875,265.30133056640625,158.00799560546875,10,0.8762475848197937
297,7,1619.71533203125,753.296630859375,593.6876220703125,567.0398559570312,8,0.9220430254936218
297,11,1105.5169677734375,858.2281494140625,247.03314208984375,304.1072998046875,2,0.82856684923172
297,12,399.6961669921875,729.6926879882812,396.25537109375,557.7760009765625,1,0.8540115356445312
297,13,220.82528686523438,617.1715087890625,265.69183349609375,160.47955322265625,10,0.8275336623191833
298,7,1619.1256103515625,758.492431640625,585.97900390625,576.9569702148438,8,0.9229968786239624
298,11,1108.4853515625,863.8868408203125,247.9547119140625,308.69842529296875,2,0.8643463850021362
298,12,392.0439453125,735.767578125,409.1710205078125,565.3819580078125,1,0.8530378341674805
298,13,215.14700317382812,620.6018676757812,263.7227783203125,162.84228515625,10,0.8712334036827087
299,7,1619.122314453125,762.470458984375,581.7606201171875,581.8994750976562,8,0.9258452653884888
299,11,1111.735595703125,869.3114624023438,250.58843994140625,312.6888427734375,2,0.9037466645240784
299,12,388.43524169921875,744.45654296875,416.9114074707031,567.894287109375,1,0.8457726240158081
299,13,213.75010681152344,625.1337890625,274.2167053222656,167.19952392578125,10,0.8924524784088135
300,7,1629.94287109375,769.5661010742188,573.84033203125,588.8760986328125,8,0.9206075072288513
300,11,1125.1875,876.918212890625,249.72998046875,309.18328857421875,2,0.8919622302055359
300,12,393.8778381347656,756.4705200195312,427.64019775390625,581.4449462890625,1,0.8541408777236938
300,13,210.742431640625,630.631591796875,277.3455810546875,173.76324462890625,10,0.8297016620635986
301,7,1637.4613037109375,775.9603271484375,562.92236328125,593.263671875,8,0.9100850820541382
301,11,1139.212158203125,879.7178955078125,247.10089111328125,306.83697509765625,2,0.8999192118644714
301,12,398.47216796875,764.0198974609375,433.006591796875,589.1054077148438,1,0.8525160551071167
301,13,212.22720336914062,633.8267211914062,275.561279296875,175.41162109375,10,0.8447801470756531
302,7,1646.344482421875,785.224609375,547.3109130859375,589.55078125,8,0.9109458327293396
302,11,1155.9869384765625,887.55859375,248.416015625,307.36383056640625,2,0.8844380378723145
302,12,410.97998046875,772.43359375,442.5403747558594,603.807373046875,1,0.8594996929168701
302,13,211.84767150878906,634.8093872070312,278.3863220214844,175.0894775390625,10,0.9065856337547302
303,7,1658.5562744140625,787.4860229492188,522.887451171875,585.0279541015625,8,0.9212163686752319
303,11,1176.97802734375,896.823486328125,251.09423828125,310.87713623046875,2,0.8862544298171997
303,12,426.78680419921875,776.3003540039062,451.4803466796875,607.3992919921875,1,0.8718269467353821
303,13,221.0989227294922,635.34033203125,278.7344665527344,178.23687744140625,10,0.9184721112251282
304,7,1672.9068603515625,792.3681640625,494.186279296875,575.263671875,8,0.9013683795928955
304,11,1203.266845703125,905.7879028320312,254.7830810546875,316.5404052734375,2,0.8787614703178406
304,12,449.32659912109375,777.2202758789062,461.0994873046875,605.5594482421875,1,0.8662529587745667
304,13,232.04074096679688,635.6534423828125,278.5782470703125,180.36456298828125,10,0.8419149518013
305,7,1690.452392578125,795.8300170898438,459.0953369140625,568.3399658203125,8,0.9153083562850952
305,11,1240.035888671875,919.2080078125,254.9393310546875,317.840576171875,2,0.8926293849945068
305,12,482.5922546386719,786.8001708984375,472.18194580078125,586.399658203125,1,0.8765358924865723
305,13,253.76980590820312,640.59423828125,278.44659423828125,179.80584716796875,10,0.7899226546287537
306,7,1705.287353515625,798.8090209960938,429.4254150390625,562.3819580078125,8,0.9083821773529053
306,11,1270.2479248046875,924.5137329101562,254.361083984375,310.9725341796875,2,0.8901020884513855
306,12,506.9623107910156,791.1240844726562,474.28729248046875,577.7518310546875,1,0.8704307079315186
306,13,261.45989990234375,642.0850219726562,280.35809326171875,180.0748291015625,10,0.7904531359672546
307,7,1721.592041015625,802.7662963867188,396.81591796875,554.4674072265625,8,0.9251658916473389
307,11,1298.555908203125,927.68798828125,259.207275390625,304.62396240234375,2,0.8967580795288086
307,12,527.60791015625,795.45947265625,487.29949951171875,569.0809936523438,1,0.8683156371116638
307,13,267.83734130859375,647.8126220703125,285.1175842285156,180.38702392578125,10,0.7885168194770813
308,7,1734.888916015625,808.0466918945312,370.2220458984375,543.9066162109375,8,0.9224599599838257
308,11,1327.958740234375,934.5318603515625,257.1427001953125,290.93634033203125,2,0.9447458386421204
308,12,549.0575561523438,800.3570556640625,507.2703552246094,559.285888671875,1,0.8504737019538879
308,13,273.762939453125,655.9215087890625,288.70184326171875,182.71734619140625,10,0.7932633757591248
309,7,1745.5068359375,813.0738525390625,344.6978759765625,533.8522338867188,8,0.9193885922431946
309,11,1349.619384765625,943.1661376953125,266.7271728515625,273.667724609375,2,0.8906337022781372
309,12,557.0347290039062,804.9720458984375,502.2515869140625,550.0558471679688,1,0.8883261680603027
309,13,272.43408203125,661.601318359375,295.0235595703125,185.184326171875,10,0.8786197304725647
310,7,1750.58984375,818.392822265625,324.2733154296875,523.2144165039062,8,0.9082777500152588
310,11,1367.107177734375,950.619873046875,266.9415283203125,258.76025390625,2,0.9260249137878418
310,12,556.13330078125,818.6112060546875,503.86297607421875,522.777587890625,1,0.8828026652336121
310,13,265.22662353515625,676.5847778320312,295.06829833984375,188.0716552734375,10,0.8190102577209473
311,7,1760.240234375,822.9171142578125,311.6536865234375,514.1658325195312,8,0.9136725068092346
311,11,1380.4053955078125,958.867431640625,267.36083984375,242.26513671875,2,0.950390636920929
311,12,549.2640380859375,833.8616943359375,510.04193115234375,492.276611328125,1,0.8776497840881348
311,13,252.27752685546875,693.6295776367188,293.62017822265625,188.7706298828125,10,0.7713258266448975
312,7,1762.9805908203125,823.1907958984375,302.9755859375,513.6184692382812,8,0.93140709400177
312,11,1385.982177734375,965.091064453125,267.7918701171875,228.81890869140625,2,0.9464060068130493
312,12,541.9745483398438,847.7702026367188,508.7681579589844,464.4595947265625,1,0.8879530429840088
312,13,236.06643676757812,711.8092041015625,299.7716064453125,199.15789794921875,10,0.8345496654510498
313,7,1763.188720703125,822.5803833007812,302.9073486328125,514.8392333984375,8,0.929763674736023
313,11,1385.2755126953125,971.0590209960938,268.488037109375,212.9102783203125,2,0.9585407376289368
313,12,525.826171875,862.5379638671875,526.8460083007812,434.924072265625,1,0.8553105592727661
313,13,214.37709045410156,731.935791015625,303.6235656738281,200.41094970703125,10,0.8116487264633179
314,7,1758.35693359375,823.6973876953125,306.1959228515625,512.224609375,8,0.9309908151626587
314,11,1376.75390625,976.143798828125,264.2518310546875,203.90606689453125,2,0.9656437635421753
314,12,524.9248046875,873.0032958984375,486.47052001953125,412.61279296875,1,0.8654482364654541
314,13,192.52598571777344,749.3278198242188,308.5265197753906,203.4595947265625,10,0.7624525427818298
315,7,1753.189453125,825.7210693359375,312.5506591796875,508.55792236328125,8,0.9294476509094238
315,11,1359.5472412109375,982.5314331054688,257.67431640625,189.8128662109375,2,0.9278411269187927
315,12,503.3076171875,881.7728881835938,478.8970031738281,392.0645751953125,1,0.8803489804267883
315,13,166.01385498046875,765.1613159179688,315.0252685546875,203.7198486328125,10,0.747970700263977
316,7,1740.6007080078125,826.3831787109375,322.4912109375,506.07501220703125,8,0.9163362979888916
316,11,1340.783447265625,987.5478515625,250.2950439453125,178.57568359375,2,0.9557456374168396
316,12,480.9175720214844,896.9935302734375,469.81304931640625,357.34521484375,1,0.9135924577713013
316,13,149.19061279296875,783.2320556640625,298.3812255859375,203.42376708984375,10,0.8293105959892273
317,7,1727.1942138671875,828.6378173828125,344.2353515625,502.58734130859375,8,0.9020940065383911
317,11,1314.650390625,992.8399658203125,252.3245849609375,168.79583740234375,2,0.9705843329429626
317,12,454.01226806640625,911.9636840820312,456.3802185058594,324.5142822265625,1,0.8833605051040649
317,13,132.6542205810547,803.31640625,265.3084411621094,205.19622802734375,10,0.8137549161911011
318,7,1718.76708984375,826.4495849609375,365.0377197265625,502.66827392578125,8,0.9126548767089844
318,11,1292.70166015625,994.059326171875,248.9134521484375,163.02886962890625,2,0.961299479007721
318,12,431.1865539550781,922.505126953125,449.24017333984375,305.01318359375,1,0.868064284324646
318,13,117.46611785888672,818.3592529296875,234.93223571777344,217.5316162109375,10,0.7597450613975525
319,7,1708.4478759765625,823.2044067382812,381.89111328125,502.9134521484375,8,0.9031611084938049
319,11,1275.306884765625,992.7120971679688,250.6043701171875,163.2362060546875,2,0.9528176188468933
319,12,414.3895263671875,927.0601806640625,422.677978515625,289.829345703125,1,0.868532657623291
319,13,103.68128204345703,825.77587890625,207.36256408691406,217.81646728515625,10,0.7475360035896301
320,7,1699.388427734375,819.21875,408.1329345703125,506.80145263671875,8,0.922709047794342
320,11,1258.7822265625,990.8031005859375,251.83056640625,164.746826171875,2,0.9442170262336731
320,12,392.7344665527344,923.683349609375,419.85235595703125,292.124267578125,1,0.8705825805664062
320,13,88.70598602294922,832.8697509765625,177.41197204589844,225.60845947265625,10,0.7996875643730164
321,7,1690.7738037109375,816.601806640625,428.060302734375,511.869140625,8,0.9155335426330566
321,11,1244.5045166015625,986.4375,253.31591796875,171.61077880859375,2,0.9493986368179321
321,12,374.11468505859375,922.3740844726562,415.2185363769531,297.3406982421875,1,0.8696995377540588
321,13,75.3974609375,825.5650634765625,150.794921875,211.24273681640625,10,0.8614169955253601
322,7,1683.265869140625,809.876220703125,445.9932861328125,524.990478515625,8,0.9030388593673706
322,11,1231.80517578125,980.7679443359375,255.2095947265625,176.86248779296875,2,0.9082361459732056
322,12,348.9694519042969,918.412109375,435.88482666015625,302.87506103515625,1,0.876289427280426
322,13,63.56498336791992,817.8729248046875,123.44593048095703,189.86041259765625,10,0.8085293769836426
323,7,1670.6396484375,805.046142578125,460.4078369140625,531.3276977539062,8,0.9011006355285645
323,11,1220.6683349609375,972.9935302734375,263.509765625,189.3408203125,2,0.9286494255065918
323,12,322.948486328125,907.9619750976562,468.1423034667969,321.6339111328125,1,0.8703559637069702
323,13,54.48225021362305,813.0394287109375,99.87162017822266,182.39453125,10,0.8363339304924011
324,7,1665.886474609375,798.013671875,477.5313720703125,545.5004272460938,8,0.8980491757392883
324,11,1215.451416015625,965.8369140625,270.9918212890625,202.282470703125,2,0.9422222971916199
324,12,301.4500732421875,900.7025146484375,501.5013427734375,336.48785400390625,1,0.8720197081565857
324,13,48.17515563964844,808.69873046875,78.2188720703125,178.1693115234375,10,0.7378681302070618
325,7,1663.69580078125,792.662353515625,489.14501953125,555.7623901367188,8,0.9031144380569458
325,11,1214.2462158203125,958.7330322265625,276.09765625,216.2822265625,2,0.9525017738342285
325,12,289.5257568359375,893.02978515625,519.4979248046875,350.06207275390625,1,0.8846284747123718
325,13,41.46122360229492,800.8133544921875,74.02777862548828,170.68292236328125,10,0.7955811619758606
326,7,1660.087158203125,790.0307006835938,503.0079345703125,560.2679443359375,8,0.9039326310157776
326,11,1211.4866943359375,952.3209228515625,275.64599609375,227.005126953125,2,0.9330415725708008
326,12,291.886474609375,882.6004028320312,520.64794921875,369.6368408203125,1,0.8977878093719482
326,13,38.54899215698242,794.54248046875,69.4117202758789,171.60125732421875,10,0.7899854183197021
327,7,1656.9605712890625,788.1134643554688,511.13720703125,565.1424560546875,8,0.8982445597648621
327,11,1209.14013671875,946.7064208984375,275.5919189453125,241.16217041015625,2,0.9315418601036072
327,12,301.19281005859375,871.3095703125,527.448486328125,390.201416015625,1,0.9077625274658203
327,13,40.869598388671875,789.2308349609375,69.14398193359375,177.5804443359375,10,0.7779260873794556
328,7,1657.59814453125,783.8563232421875,517.1895751953125,574.77392578125,8,0.8982780575752258
328,11,1209.218017578125,942.5865478515625,275.6192626953125,252.20477294921875,2,0.9414710998535156
328,12,307.49755859375,867.155517578125,542.1885986328125,406.64208984375,1,0.8661258220672607
328,13,42.54310989379883,787.1484375,74.69412994384766,176.1708984375,10,0.7510101795196533
329,7,1655.58544921875,776.7503051757812,520.4150390625,584.9425048828125,8,0.8990476131439209
329,11,1211.4415283203125,933.5484008789062,266.47314453125,269.1434326171875,2,0.9204985499382019
329,12,333.2969055175781,857.3375244140625,555.1421508789062,423.20867919921875,1,0.8650859594345093
329,13,51.580894470214844,780.8356323242188,79.86738586425781,169.1800537109375,10,0.7641645073890686
330,7,1657.432373046875,771.65966796875,523.8924560546875,587.8950805664062,8,0.8930729031562805
330,11,1216.27587890625,927.2955932617188,264.558837890625,286.7193603515625,2,0.9156573414802551
330,12,369.68353271484375,854.4619140625,532.896728515625,435.42919921875,1,0.8672989010810852
330,13,59.190120697021484,777.6131591796875,96.94181060791016,168.28131103515625,10,0.7832973003387451
331,7,1657.45654296875,763.9900512695312,516.5048828125,581.8431396484375,8,0.9061110019683838
331,11,1226.0191650390625,923.4909057617188,254.9453125,295.3826904296875,2,0.8961110711097717
331,12,405.8214416503906,850.330078125,534.4395141601562,443.77471923828125,1,0.8607639670372009
331,13,73.98348236083984,775.6217041015625,113.85523986816406,174.810546875,10,0.8264228701591492
332,7,1661.771484375,755.8067016601562,512.1116943359375,571.4586181640625,8,0.9066318869590759
332,11,1235.59619140625,920.3980102539062,251.5445556640625,303.9581298828125,2,0.9510861039161682
332,12,442.9466857910156,848.6780395507812,516.4347534179688,449.9412841796875,1,0.8886551856994629
332,13,87.03207397460938,780.3974609375,142.88137817382812,202.6707763671875,10,0.8454978466033936
333,7,1668.894775390625,748.1605834960938,500.33251953125,559.5982666015625,8,0.9165003895759583
333,11,1251.064697265625,916.87060546875,250.4007568359375,313.85162353515625,2,0.8789179921150208
333,12,489.83709716796875,844.7910766601562,503.660400390625,457.4774169921875,1,0.8936441540718079
333,13,104.01445007324219,775.9690551757812,171.51235961914062,199.702392578125,10,0.8711466193199158
334,7,1674.727783203125,738.49658203125,490.5084228515625,531.0704956054688,8,0.9171264171600342
334,11,1272.094970703125,906.3492431640625,244.9415283203125,312.00750732421875,2,0.8839336633682251
334,12,545.0860595703125,842.913330078125,514.980224609375,459.067138671875,1,0.8656085133552551
334,13,129.48348999023438,769.8423461914062,206.3688201904297,198.7166748046875,10,0.7507383823394775
335,7,1684.2301025390625,735.6566162109375,471.539794921875,517.6193237304688,8,0.9270997643470764
335,11,1292.4866943359375,902.0068359375,236.2783203125,312.860595703125,2,0.9005460143089294
335,12,588.6891479492188,842.814208984375,514.10546875,465.54986572265625,1,0.876865029335022
335,13,145.22767639160156,762.1563720703125,246.18235778808594,193.99554443359375,10,0.7862678170204163
336,7,1696.08251953125,734.1336669921875,447.8349609375,508.36077880859375,8,0.9219465255737305
336,11,1314.830322265625,895.1869506835938,234.79248046875,304.0335693359375,2,0.8423073291778564
336,12,643.4304809570312,842.7360229492188,510.5378723144531,469.5943603515625,1,0.8667585253715515
336,13,163.41065979003906,757.9669189453125,282.8006896972656,192.435302734375,10,0.853508472442627
337,7,1706.988037109375,735.458251953125,426.0238037109375,500.3580627441406,8,0.9189566969871521
337,11,1341.625732421875,890.7923583984375,229.92138671875,297.42230224609375,2,0.8500868678092957
337,12,689.2402954101562,840.8765869140625,514.825439453125,474.966552734375,1,0.879408597946167
337,13,197.13755798339844,749.305908203125,294.8684997558594,188.50152587890625,10,0.8489740490913391
338,7,1718.63232421875,738.1514892578125,402.7354736328125,490.10369873046875,8,0.917043149471283
338,11,1368.263916015625,881.4143676757812,223.601806640625,282.982421875,2,0.906856119632721
338,12,740.5631713867188,837.0546264648438,504.3067321777344,481.2952880859375,1,0.8606787323951721
338,13,240.19593811035156,741.0828857421875,300.5643615722656,190.47015380859375,10,0.8523768782615662
339,7,1729.602294921875,740.3636474609375,380.7952880859375,479.5701904296875,8,0.9133796095848083
339,11,1394.135498046875,874.070068359375,217.2628173828125,273.84149169921875,2,0.9490085244178772
339,12,793.181396484375,826.9453125,480.826171875,491.29412841796875,1,0.856284499168396
339,13,286.44366455078125,729.0028076171875,296.37786865234375,183.17694091796875,10,0.8397992849349976
340,7,1743.3240966796875,737.0271606445312,353.351806640625,471.8163146972656,8,0.919407844543457
340,11,1419.702880859375,862.199462890625,216.593505859375,265.715576171875,2,0.9283757209777832
340,12,852.9254150390625,819.3863525390625,449.39715576171875,493.40240478515625,1,0.8822481632232666
340,13,338.664794921875,712.9686279296875,282.61669921875,170.69195556640625,10,0.8713589310646057
341,7,1749.3623046875,733.333251953125,338.7802734375,463.46490478515625,8,0.9238854050636292
341,11,1437.984375,854.70849609375,214.513916015625,261.40203857421875,2,0.8479725122451782
341,12,891.348876953125,813.348388671875,426.58001708984375,484.554443359375,1,0.9009205102920532
342,7,1758.650390625,728.3206787109375,319.919189453125,455.07666015625,8,0.9223222136497498
342,11,1457.375,843.9359130859375,212.5731201171875,257.308349609375,2,0.8563022017478943
342,12,923.2359619140625,799.56689453125,422.71002197265625,468.35321044921875,1,0.8513198494911194
343,7,1761.237548828125,723.011474609375,304.9068603515625,448.4289855957031,8,0.9354693293571472
343,11,1473.447021484375,831.8236694335938,201.2396240234375,252.3343505859375,2,0.8836656808853149
344,7,1764.463134765625,717.836181640625,294.0491943359375,439.59381103515625,8,0.9284654259681702
344,11,1487.748779296875,821.8291015625,186.3121337890625,247.34027099609375,2,0.826882004737854
346,17,1836.1800537109375,377.07763671875,166.8701171875,229.11868286132812,6,0.88907390832901
347,17,1841.6832275390625,376.466064453125,156.385498046875,228.14224243164062,6,0.8756492733955383
348,17,1844.759765625,376.08563232421875,148.1810302734375,225.86721801757812,6,0.878018319606781
349,17,1850.2735595703125,376.12548828125,137.7724609375,225.12521362304688,6,0.8717986345291138
350,17,1851.806396484375,379.4656677246094,131.508544921875,231.80230712890625,6,0.8818720579147339
351,17,1852.376953125,383.9339599609375,128.7681884765625,234.25070190429688,6,0.883621096611023
352,17,1849.5474853515625,392.6145935058594,130.22021484375,227.118896484375,6,0.9066900014877319
353,17,1846.7691650390625,399.020263671875,133.5849609375,224.64352416992188,6,0.8947094678878784
354,17,1840.002197265625,410.10137939453125,145.0714111328125,227.7493896484375,6,0.9100602865219116
355,17,1833.81494140625,421.20343017578125,154.0247802734375,221.9327392578125,6,0.8864569067955017
356,17,1826.4931640625,432.5592041015625,166.912109375,222.55807495117188,6,0.9054271578788757
357,17,1822.088623046875,442.77056884765625,178.166748046875,219.00601196289062,6,0.9451256394386292
358,17,1816.25732421875,457.2266845703125,193.039794921875,213.24362182617188,6,0.9277230501174927
359,17,1813.01318359375,467.2647705078125,200.8572998046875,213.85806274414062,6,0.9237839579582214
360,17,1811.70166015625,473.0355224609375,204.8564453125,218.02249145507812,6,0.9231166243553162
361,17,1811.3583984375,482.490478515625,206.9156494140625,223.12814331054688,6,0.8963017463684082
362,17,1813.5989990234375,486.5902099609375,206.801513671875,225.33645629882812,6,0.9133267998695374
363,17,1817.298583984375,484.9397277832031,202.9088134765625,232.13470458984375,6,0.9187710881233215
364,17,1824.0556640625,484.5014953613281,191.888671875,241.81268310546875,6,0.9421267509460449
365,17,1831.0257568359375,484.9403381347656,177.948486328125,248.64215087890625,6,0.9074183702468872
366,17,1838.9649658203125,485.1553039550781,162.070068359375,265.36407470703125,6,0.7799630761146545
367,17,1846.055419921875,486.2962646484375,147.88916015625,282.1376647949219,6,0.7272089123725891
386,7,1680.9188232421875,985.10400390625,426.370361328125,189.7919921875,4,0.9244111776351929
387,7,1638.6094970703125,892.901123046875,462.94287109375,357.2939453125,4,0.9677739143371582
388,7,1597.938232421875,809.909423828125,448.1162109375,397.00860595703125,4,0.957091212272644
389,7,1566.5098876953125,745.7993774414062,450.69580078125,410.0556640625,4,0.9562656283378601
390,7,1532.685546875,694.7517700195312,449.1910400390625,416.4918518066406,4,0.9530864953994751
391,7,1505.002197265625,648.2647705078125,449.6922607421875,431.676025390625,4,0.9465009570121765
392,7,1474.58203125,607.018798828125,450.5445556640625,438.5657043457031,4,0.9318657517433167
393,7,1442.010986328125,566.3118286132812,441.8924560546875,443.9753723144531,4,0.936804473400116
394,7,1417.583251953125,533.5917358398438,439.76123046875,446.8678894042969,4,0.9427893757820129
395,7,1392.6903076171875,497.22967529296875,440.23974609375,453.0013122558594,4,0.9562474489212036
396,7,1363.597412109375,460.1389465332031,442.93798828125,453.80255126953125,4,0.9657148718833923
397,7,1334.8037109375,426.71368408203125,444.570068359375,466.89697265625,4,0.9599338173866272
398,7,1304.5546875,386.22906494140625,455.4942626953125,493.3096923828125,4,0.965889036655426
399,7,1268.1026611328125,341.7286682128906,454.6923828125,503.32550048828125,4,0.9597306251525879
400,7,1230.6435546875,297.79833984375,453.1402587890625,516.164306640625,4,0.955327570438385
401,7,1198.596923828125,258.188232421875,449.0184326171875,516.37646484375,4,0.9680469632148743
402,7,1165.920654296875,234.99229431152344,454.40679931640625,469.9845886230469,4,0.9682583808898926
403,7,1132.624267578125,211.57424926757812,466.39111328125,423.14849853515625,4,0.979754626750946
404,7,1103.732421875,189.02703857421875,477.13525390625,378.0540771484375,4,0.9701250195503235
405,7,1070.950927734375,161.5127716064453,470.78143310546875,323.0255432128906,4,0.9756382703781128
406,7,1045.6158447265625,136.10952758789062,457.88958740234375,272.21905517578125,4,0.9442189335823059
407,7,1021.7378540039062,113.6646957397461,458.1358642578125,227.3293914794922,4,0.9402994513511658
408,7,998.4298095703125,86.44486999511719,461.16455078125,172.88973999023438,4,0.9099538326263428
409,7,1041.00830078125,62.05881118774414,292.46429443359375,124.11762237548828,4,0.9487174153327942
410,7,1026.1826171875,37.35350036621094,195.1136474609375,74.70700073242188,4,0.8505734801292419
609,19,440.94573974609375,786.9090576171875,469.9611511230469,565.697509765625,5,0.9414584040641785
610,19,503.33111572265625,718.2330932617188,464.7430725097656,542.3995361328125,5,0.9344754815101624
610,21,835.3134765625,455.97943115234375,129.60345458984375,103.08261108398438,9,0.9509022831916809
611,19,548.2614135742188,668.3997802734375,462.1783752441406,545.6504516601562,5,0.9385445713996887
611,21,855.2749633789062,419.51458740234375,138.921142578125,113.59072875976562,9,0.956533670425415
611,22,1229.9041748046875,592.0878295898438,537.97509765625,512.5516357421875,5,0.9056414365768433
612,19,591.8558349609375,612.59033203125,446.2519836425781,536.5554809570312,5,0.931083083152771
612,21,876.1331787109375,382.41473388671875,132.88751220703125,110.00314331054688,9,0.9542299509048462
612,22,1272.125244140625,546.4268798828125,575.2774047851562,512.0935668945312,5,0.8382676243782043
613,19,627.9334716796875,550.0149536132812,428.45758056640625,508.6930847167969,5,0.90786212682724
613,21,897.2674560546875,341.1101989746094,138.92510986328125,109.69464111328125,9,0.9497455954551697
613,22,1299.65869140625,492.9574890136719,613.3262939453125,511.98223876953125,5,0.8477479219436646
614,19,668.2352294921875,487.21514892578125,420.8536071777344,494.212890625,5,0.9396259188652039
614,21,920.9097900390625,296.4239501953125,140.58062744140625,110.31806945800781,9,0.9696976542472839
614,22,1331.2821044921875,440.9111633300781,629.965576171875,511.36981201171875,5,0.9098671078681946
615,19,711.2595825195312,417.5630798339844,403.395263671875,471.75042724609375,5,0.910489559173584
615,21,956.906982421875,236.81741333007812,132.79376220703125,109.58641052246094,9,0.9631521105766296
615,22,1366.568359375,370.564697265625,646.820556640625,517.299072265625,5,0.8850449919700623
616,19,746.7371826171875,358.12310791015625,395.42578125,450.262451171875,5,0.9382777810096741
616,21,986.5404052734375,190.54432678222656,127.60107421875,105.48907470703125,9,0.9636733531951904
616,22,1397.141357421875,312.5811462402344,644.1080322265625,510.71514892578125,5,0.8930556774139404
617,19,780.2991943359375,302.1630554199219,385.72003173828125,436.09942626953125,5,0.932328999042511
617,21,1014.4600830078125,141.9781036376953,132.01934814453125,110.93756866455078,9,0.9249916672706604
617,22,1431.1524658203125,257.81231689453125,637.69482421875,506.80841064453125,5,0.8942503333091736
618,19,810.2415771484375,248.8590087890625,383.4183349609375,434.7435302734375,5,0.9047767519950867
618,21,1044.56201171875,93.56603240966797,135.42431640625,113.56605529785156,9,0.9493611454963684
618,22,1464.1197509765625,231.25726318359375,644.803955078125,462.5145263671875,5,0.8680181503295898
619,19,845.3253173828125,205.75221252441406,378.772216796875,411.5044250488281,5,0.903769314289093
619,21,1072.962646484375,50.1986198425293,132.16229248046875,99.88935089111328,9,0.8310062885284424
619,22,1492.386962890625,200.9910430908203,651.633544921875,401.9820861816406,5,0.853380560874939
620,19,879.4708251953125,179.78143310546875,374.778076171875,359.5628662109375,5,0.9471570253372192
620,21,1111.113037109375,27.06770133972168,107.8284912109375,54.13540267944336,9,0.7429563999176025
620,22,1535.7490234375,176.2860565185547,668.6011962890625,352.5721130371094,5,0.8819195628166199
621,19,918.9453125,151.83816528320312,373.353759765625,303.67633056640625,5,0.9400655031204224
621,22,1573.594970703125,139.26258850097656,671.428955078125,278.5251770019531,5,0.91000896692276
622,19,947.8468017578125,132.41815185546875,367.63385009765625,264.8363037109375,5,0.9256246089935303
622,22,1593.413818359375,117.43468475341797,653.1722412109375,234.86936950683594,5,0.930791974067688
623,19,975.17041015625,111.03425598144531,360.7548828125,222.06851196289062,5,0.9371950626373291
623,22,1606.685791015625,89.30717468261719,626.6285400390625,178.61434936523438,5,0.9129370450973511
624,19,1002.394775390625,92.47689819335938,341.8369140625,184.95379638671875,5,0.9155488014221191
624,22,1620.23388671875,63.561767578125,599.5322265625,127.12353515625,5,0.8579388856887817
625,19,1019.1090087890625,76.69042205810547,323.87286376953125,153.38084411621094,5,0.8843817114830017
625,22,1622.27978515625,45.05677795410156,595.4403076171875,89.21549987792969,5,0.7301814556121826
626,19,1029.502197265625,62.099266052246094,305.60430908203125,123.09352111816406,5,0.8600775599479675
627,19,1032.95703125,39.803733825683594,253.39288330078125,78.98854064941406,5,0.8527005314826965
628,19,1037.925537109375,26.404600143432617,233.76605224609375,51.0408821105957,5,0.794645369052887
632,28,1131.29931640625,1029.17236328125,336.77557373046875,87.0123291015625,7,0.7427675127983093
633,28,1078.94873046875,1014.2853393554688,490.3311767578125,109.5186767578125,7,0.8235888481140137
634,28,1073.62451171875,1000.5321044921875,568.5396118164062,140.82733154296875,7,0.8947431445121765
635,28,1063.818115234375,986.2215576171875,591.1871948242188,171.50042724609375,7,0.9023870229721069
636,28,1064.364501953125,970.7110595703125,591.8285522460938,203.29449462890625,7,0.9223012328147888
637,28,1060.855224609375,954.4954833984375,594.7850952148438,235.43133544921875,7,0.9040113687515259
638,28,1060.0179443359375,937.6791381835938,590.1690063476562,266.2791748046875,7,0.9367591738700867
639,28,1049.0992431640625,912.3385620117188,581.5016479492188,309.7064208984375,7,0.9321655631065369
640,28,1039.720458984375,893.046875,577.6480102539062,349.83514404296875,7,0.9485775232315063
641,28,1024.75830078125,863.52880859375,577.7036743164062,368.176513671875,7,0.9357064962387085
642,28,1013.5648803710938,828.38330078125,576.8304443359375,375.05865478515625,7,0.9339874386787415
643,28,997.0404663085938,792.713134765625,571.0760498046875,379.00372314453125,7,0.9373983144760132
644,28,976.785888671875,754.8294067382812,571.8395385742188,377.806396484375,7,0.938507080078125
645,28,954.0612182617188,706.6845703125,567.7152099609375,382.90887451171875,7,0.918687105178833
646,28,931.1763916015625,673.6680908203125,568.3001098632812,378.6203918457031,7,0.9157364964485168
647,28,913.4527587890625,631.325439453125,570.7311401367188,374.2312316894531,7,0.9304117560386658
648,28,889.190673828125,591.091064453125,578.1585083007812,381.1205139160156,7,0.9421097040176392
649,28,857.6534423828125,540.8179321289062,583.5552368164062,383.9466857910156,7,0.9382832646369934
649,33,1863.8092041015625,567.762451171875,102.976806640625,150.6947021484375,7,0.9089148640632629
650,28,830.2047729492188,502.1070556640625,579.0684814453125,383.6702880859375,7,0.9447195529937744
650,33,1844.840087890625,519.1649169921875,129.4957275390625,152.3826904296875,7,0.9091538190841675
651,28,801.2432861328125,464.3101501464844,581.0263671875,390.57049560546875,7,0.9233955144882202
651,33,1816.363525390625,469.1077880859375,144.7825927734375,152.270751953125,7,0.945629894733429
652,28,770.0248413085938,424.30548095703125,578.3231201171875,394.0351257324219,7,0.9246363639831543
652,33,1782.697265625,419.43194580078125,146.6190185546875,152.87353515625,7,0.919471800327301
653,28,740.9224853515625,385.06805419921875,582.7128295898438,400.5968017578125,7,0.9297550320625305
653,33,1743.592041015625,375.35284423828125,143.6429443359375,155.95712280273438,7,0.9500606656074524
654,28,702.3627319335938,346.96502685546875,588.1285400390625,409.5786437988281,7,0.9526160955429077
654,33,1700.8321533203125,334.6387939453125,138.753662109375,151.05108642578125,7,0.9614848494529724
655,28,656.1380004882812,302.5328063964844,594.5701904296875,423.35552978515625,7,0.9584728479385376
655,33,1650.517333984375,286.18505859375,134.411865234375,147.99847412109375,7,0.9652086496353149
656,28,618.9459228515625,265.59954833984375,596.0859985351562,442.5989074707031,7,0.9428444504737854
656,33,1605.9991455078125,253.4058837890625,130.45947265625,155.314208984375,7,0.926375687122345
657,28,575.5489501953125,236.94720458984375,599.6160278320312,454.33184814453125,7,0.933163583278656
657,33,1561.20703125,222.99925231933594,127.4925537109375,153.82064819335938,7,0.918340802192688
658,28,528.3621826171875,220.5354461669922,614.7037963867188,441.0708923339844,7,0.9456128478050232
658,33,1517.487548828125,195.1558837890625,124.2681884765625,148.49652099609375,7,0.9159097671508789
659,28,483.744140625,210.71226501464844,626.5040283203125,421.4245300292969,7,0.9330223202705383
659,33,1475.155029296875,170.51828002929688,122.0286865234375,145.7020263671875,7,0.91968834400177
660,28,439.59454345703125,199.4314422607422,636.9364013671875,398.8628845214844,7,0.9187735319137573
660,33,1434.35107421875,153.94223022460938,121.41455078125,150.3885498046875,7,0.9241520166397095
661,28,383.32781982421875,187.68756103515625,646.5240478515625,375.3751220703125,7,0.9218299388885498
661,33,1384.928955078125,135.09249877929688,118.0703125,149.5177001953125,7,0.9272466897964478
662,28,339.1636657714844,178.4607391357422,647.6892700195312,356.9214782714844,7,0.9346122145652771
662,33,1344.0631103515625,119.90794372558594,118.02001953125,148.24667358398438,7,0.9249548316001892
663,28,312.04254150390625,173.2710418701172,624.0850830078125,346.5420837402344,7,0.9220409989356995
663,33,1304.656982421875,108.61876678466797,114.9478759765625,150.17210388183594,7,0.9507318735122681
663,34,1858.733154296875,307.49176025390625,106.088623046875,254.91326904296875,7,0.8611425161361694
664,28,290.0087585449219,164.47947692871094,580.0175170898438,327.5268859863281,7,0.9066169261932373
664,33,1267.8419189453125,98.21701049804688,115.164794921875,147.97622680664062,7,0.9384405016899109
664,34,1833.0633544921875,277.03076171875,144.3671875,351.1193542480469,7,0.8350303769111633
665,28,271.6507873535156,157.8194122314453,543.3015747070312,307.0433654785156,7,0.9321138262748718
665,33,1230.102783203125,92.69285583496094,115.3582763671875,146.22061157226562,7,0.9615779519081116
665,34,1809.7584228515625,265.4906005859375,189.8154296875,364.02728271484375,7,0.8398482799530029
666,28,251.18399047851562,140.1383056640625,499.26470947265625,274.01519775390625,7,0.7842778563499451
666,33,1191.1015625,87.052734375,114.8203125,142.62921142578125,7,0.905994713306427
666,34,1789.434326171875,238.8980255126953,234.055419921875,429.6215515136719,7,0.9029538035392761
667,33,1146.2421875,78.37896728515625,110.6326904296875,134.47024536132812,7,0.7340089082717896
667,34,1760.427490234375,227.79544067382812,282.1373291015625,455.59088134765625,7,0.9463514685630798
668,33,1115.3087158203125,79.16213989257812,98.192626953125,127.45217895507812,7,0.778701663017273
668,34,1738.406005859375,232.60601806640625,325.0191650390625,465.2120361328125,7,0.9373359084129333
669,34,1718.4517822265625,228.4004364013672,365.930908203125,456.8008728027344,7,0.9315822124481201
670,36,550.3330078125,77.76736450195312,122.977294921875,93.73023986816406,7,0.726547360420227
671,36,514.8726196289062,84.51697540283203,133.71871948242188,103.51844787597656,7,0.7850353717803955
672,36,477.51324462890625,88.23178100585938,141.16439819335938,114.49394989013672,7,0.8536741137504578
673,36,445.3387145996094,90.55371856689453,148.04193115234375,118.55390930175781,7,0.8781715631484985
674,36,411.6319885253906,93.61113739013672,163.1724853515625,124.19190979003906,7,0.8646948337554932
675,36,386.8669128417969,91.6815414428711,171.020263671875,129.0149688720703,7,0.879957377910614
676,36,365.1700439453125,92.45452880859375,178.7825927734375,135.75784301757812,7,0.8811653852462769
677,36,350.63043212890625,91.59547424316406,190.34808349609375,143.17404174804688,7,0.8514329791069031
678,36,333.95062255859375,87.72584533691406,191.81381225585938,146.74942016601562,7,0.8684773445129395
679,36,320.93505859375,81.91908264160156,196.32562255859375,151.13885498046875,7,0.8800289034843445
680,36,310.12994384765625,76.48979187011719,203.442626953125,152.97958374023438,7,0.7956345081329346
